<?xml version="1.0" encoding="UTF-8"?>
<root>
  <item name="com.facebook.drawee.backends.pipeline.info.ImageLoadStatus">
    <annotation name="android.support.annotation.IntDef">
      <val name="value" val="{com.facebook.drawee.backends.pipeline.info.ImageLoadStatus.UNKNOWN, com.facebook.drawee.backends.pipeline.info.ImageLoadStatus.REQUESTED, com.facebook.drawee.backends.pipeline.info.ImageLoadStatus.ORIGIN_AVAILABLE, com.facebook.drawee.backends.pipeline.info.ImageLoadStatus.INTERMEDIATE_AVAILABLE, com.facebook.drawee.backends.pipeline.info.ImageLoadStatus.SUCCESS, com.facebook.drawee.backends.pipeline.info.ImageLoadStatus.CANCELED, com.facebook.drawee.backends.pipeline.info.ImageLoadStatus.ERROR}" />
    </annotation>
  </item>
  <item name="com.facebook.drawee.backends.pipeline.info.ImageOrigin">
    <annotation name="android.support.annotation.IntDef">
      <val name="value" val="{com.facebook.drawee.backends.pipeline.info.ImageOrigin.UNKNOWN, com.facebook.drawee.backends.pipeline.info.ImageOrigin.NETWORK, com.facebook.drawee.backends.pipeline.info.ImageOrigin.DISK, com.facebook.drawee.backends.pipeline.info.ImageOrigin.MEMORY_ENCODED, com.facebook.drawee.backends.pipeline.info.ImageOrigin.MEMORY_BITMAP}" />
    </annotation>
  </item>
  <item name="com.facebook.drawee.backends.pipeline.info.ImageOriginListener void onImageLoaded(java.lang.String, int, boolean) 1">
    <annotation name="android.support.annotation.IntDef">
      <val name="value" val="{com.facebook.drawee.backends.pipeline.info.ImageOrigin.UNKNOWN, com.facebook.drawee.backends.pipeline.info.ImageOrigin.NETWORK, com.facebook.drawee.backends.pipeline.info.ImageOrigin.DISK, com.facebook.drawee.backends.pipeline.info.ImageOrigin.MEMORY_ENCODED, com.facebook.drawee.backends.pipeline.info.ImageOrigin.MEMORY_BITMAP}" />
    </annotation>
  </item>
  <item name="com.facebook.drawee.backends.pipeline.info.ImageOriginUtils int mapProducerNameToImageOrigin(java.lang.String)">
    <annotation name="android.support.annotation.IntDef">
      <val name="value" val="{com.facebook.drawee.backends.pipeline.info.ImageOrigin.UNKNOWN, com.facebook.drawee.backends.pipeline.info.ImageOrigin.NETWORK, com.facebook.drawee.backends.pipeline.info.ImageOrigin.DISK, com.facebook.drawee.backends.pipeline.info.ImageOrigin.MEMORY_ENCODED, com.facebook.drawee.backends.pipeline.info.ImageOrigin.MEMORY_BITMAP}" />
    </annotation>
  </item>
  <item name="com.facebook.drawee.backends.pipeline.info.ImageOriginUtils java.lang.String toString(int) 0">
    <annotation name="android.support.annotation.IntDef">
      <val name="value" val="{com.facebook.drawee.backends.pipeline.info.ImageOrigin.UNKNOWN, com.facebook.drawee.backends.pipeline.info.ImageOrigin.NETWORK, com.facebook.drawee.backends.pipeline.info.ImageOrigin.DISK, com.facebook.drawee.backends.pipeline.info.ImageOrigin.MEMORY_ENCODED, com.facebook.drawee.backends.pipeline.info.ImageOrigin.MEMORY_BITMAP}" />
    </annotation>
  </item>
  <item name="com.facebook.drawee.backends.pipeline.info.ImagePerfData ImagePerfData(java.lang.String, java.lang.String, com.facebook.imagepipeline.request.ImageRequest, java.lang.Object, com.facebook.imagepipeline.image.ImageInfo, long, long, long, long, long, long, long, int, boolean, boolean, boolean) 12">
    <annotation name="android.support.annotation.IntDef">
      <val name="value" val="{com.facebook.drawee.backends.pipeline.info.ImageOrigin.UNKNOWN, com.facebook.drawee.backends.pipeline.info.ImageOrigin.NETWORK, com.facebook.drawee.backends.pipeline.info.ImageOrigin.DISK, com.facebook.drawee.backends.pipeline.info.ImageOrigin.MEMORY_ENCODED, com.facebook.drawee.backends.pipeline.info.ImageOrigin.MEMORY_BITMAP}" />
    </annotation>
  </item>
  <item name="com.facebook.drawee.backends.pipeline.info.ImagePerfData int getImageOrigin()">
    <annotation name="android.support.annotation.IntDef">
      <val name="value" val="{com.facebook.drawee.backends.pipeline.info.ImageOrigin.UNKNOWN, com.facebook.drawee.backends.pipeline.info.ImageOrigin.NETWORK, com.facebook.drawee.backends.pipeline.info.ImageOrigin.DISK, com.facebook.drawee.backends.pipeline.info.ImageOrigin.MEMORY_ENCODED, com.facebook.drawee.backends.pipeline.info.ImageOrigin.MEMORY_BITMAP}" />
    </annotation>
  </item>
  <item name="com.facebook.drawee.backends.pipeline.info.ImagePerfData mImageOrigin">
    <annotation name="android.support.annotation.IntDef">
      <val name="value" val="{com.facebook.drawee.backends.pipeline.info.ImageOrigin.UNKNOWN, com.facebook.drawee.backends.pipeline.info.ImageOrigin.NETWORK, com.facebook.drawee.backends.pipeline.info.ImageOrigin.DISK, com.facebook.drawee.backends.pipeline.info.ImageOrigin.MEMORY_ENCODED, com.facebook.drawee.backends.pipeline.info.ImageOrigin.MEMORY_BITMAP}" />
    </annotation>
  </item>
  <item name="com.facebook.drawee.backends.pipeline.info.ImagePerfDataListener void onImagePerfDataUpdated(com.facebook.drawee.backends.pipeline.info.ImagePerfData, int) 1">
    <annotation name="android.support.annotation.IntDef">
      <val name="value" val="{com.facebook.drawee.backends.pipeline.info.ImageLoadStatus.UNKNOWN, com.facebook.drawee.backends.pipeline.info.ImageLoadStatus.REQUESTED, com.facebook.drawee.backends.pipeline.info.ImageLoadStatus.ORIGIN_AVAILABLE, com.facebook.drawee.backends.pipeline.info.ImageLoadStatus.INTERMEDIATE_AVAILABLE, com.facebook.drawee.backends.pipeline.info.ImageLoadStatus.SUCCESS, com.facebook.drawee.backends.pipeline.info.ImageLoadStatus.CANCELED, com.facebook.drawee.backends.pipeline.info.ImageLoadStatus.ERROR}" />
    </annotation>
  </item>
  <item name="com.facebook.drawee.backends.pipeline.info.ImagePerfMonitor void notifyListeners(com.facebook.drawee.backends.pipeline.info.ImagePerfState, int) 1">
    <annotation name="android.support.annotation.IntDef">
      <val name="value" val="{com.facebook.drawee.backends.pipeline.info.ImageLoadStatus.UNKNOWN, com.facebook.drawee.backends.pipeline.info.ImageLoadStatus.REQUESTED, com.facebook.drawee.backends.pipeline.info.ImageLoadStatus.ORIGIN_AVAILABLE, com.facebook.drawee.backends.pipeline.info.ImageLoadStatus.INTERMEDIATE_AVAILABLE, com.facebook.drawee.backends.pipeline.info.ImageLoadStatus.SUCCESS, com.facebook.drawee.backends.pipeline.info.ImageLoadStatus.CANCELED, com.facebook.drawee.backends.pipeline.info.ImageLoadStatus.ERROR}" />
    </annotation>
  </item>
  <item name="com.facebook.drawee.backends.pipeline.info.ImagePerfState int getImageLoadStatus()">
    <annotation name="android.support.annotation.IntDef">
      <val name="value" val="{com.facebook.drawee.backends.pipeline.info.ImageLoadStatus.UNKNOWN, com.facebook.drawee.backends.pipeline.info.ImageLoadStatus.REQUESTED, com.facebook.drawee.backends.pipeline.info.ImageLoadStatus.ORIGIN_AVAILABLE, com.facebook.drawee.backends.pipeline.info.ImageLoadStatus.INTERMEDIATE_AVAILABLE, com.facebook.drawee.backends.pipeline.info.ImageLoadStatus.SUCCESS, com.facebook.drawee.backends.pipeline.info.ImageLoadStatus.CANCELED, com.facebook.drawee.backends.pipeline.info.ImageLoadStatus.ERROR}" />
    </annotation>
  </item>
  <item name="com.facebook.drawee.backends.pipeline.info.ImagePerfState mImageLoadStatus">
    <annotation name="android.support.annotation.IntDef">
      <val name="value" val="{com.facebook.drawee.backends.pipeline.info.ImageLoadStatus.UNKNOWN, com.facebook.drawee.backends.pipeline.info.ImageLoadStatus.REQUESTED, com.facebook.drawee.backends.pipeline.info.ImageLoadStatus.ORIGIN_AVAILABLE, com.facebook.drawee.backends.pipeline.info.ImageLoadStatus.INTERMEDIATE_AVAILABLE, com.facebook.drawee.backends.pipeline.info.ImageLoadStatus.SUCCESS, com.facebook.drawee.backends.pipeline.info.ImageLoadStatus.CANCELED, com.facebook.drawee.backends.pipeline.info.ImageLoadStatus.ERROR}" />
    </annotation>
  </item>
  <item name="com.facebook.drawee.backends.pipeline.info.ImagePerfState mImageOrigin">
    <annotation name="android.support.annotation.IntDef">
      <val name="value" val="{com.facebook.drawee.backends.pipeline.info.ImageOrigin.UNKNOWN, com.facebook.drawee.backends.pipeline.info.ImageOrigin.NETWORK, com.facebook.drawee.backends.pipeline.info.ImageOrigin.DISK, com.facebook.drawee.backends.pipeline.info.ImageOrigin.MEMORY_ENCODED, com.facebook.drawee.backends.pipeline.info.ImageOrigin.MEMORY_BITMAP}" />
    </annotation>
  </item>
  <item name="com.facebook.drawee.backends.pipeline.info.ImagePerfState void setImageLoadStatus(int) 0">
    <annotation name="android.support.annotation.IntDef">
      <val name="value" val="{com.facebook.drawee.backends.pipeline.info.ImageLoadStatus.UNKNOWN, com.facebook.drawee.backends.pipeline.info.ImageLoadStatus.REQUESTED, com.facebook.drawee.backends.pipeline.info.ImageLoadStatus.ORIGIN_AVAILABLE, com.facebook.drawee.backends.pipeline.info.ImageLoadStatus.INTERMEDIATE_AVAILABLE, com.facebook.drawee.backends.pipeline.info.ImageLoadStatus.SUCCESS, com.facebook.drawee.backends.pipeline.info.ImageLoadStatus.CANCELED, com.facebook.drawee.backends.pipeline.info.ImageLoadStatus.ERROR}" />
    </annotation>
  </item>
  <item name="com.facebook.drawee.backends.pipeline.info.ImagePerfState void setImageOrigin(int) 0">
    <annotation name="android.support.annotation.IntDef">
      <val name="value" val="{com.facebook.drawee.backends.pipeline.info.ImageOrigin.UNKNOWN, com.facebook.drawee.backends.pipeline.info.ImageOrigin.NETWORK, com.facebook.drawee.backends.pipeline.info.ImageOrigin.DISK, com.facebook.drawee.backends.pipeline.info.ImageOrigin.MEMORY_ENCODED, com.facebook.drawee.backends.pipeline.info.ImageOrigin.MEMORY_BITMAP}" />
    </annotation>
  </item>
  <item name="com.facebook.drawee.backends.pipeline.info.ImagePerfUtils java.lang.String toString(int) 0">
    <annotation name="android.support.annotation.IntDef">
      <val name="value" val="{com.facebook.drawee.backends.pipeline.info.ImageLoadStatus.UNKNOWN, com.facebook.drawee.backends.pipeline.info.ImageLoadStatus.REQUESTED, com.facebook.drawee.backends.pipeline.info.ImageLoadStatus.ORIGIN_AVAILABLE, com.facebook.drawee.backends.pipeline.info.ImageLoadStatus.INTERMEDIATE_AVAILABLE, com.facebook.drawee.backends.pipeline.info.ImageLoadStatus.SUCCESS, com.facebook.drawee.backends.pipeline.info.ImageLoadStatus.CANCELED, com.facebook.drawee.backends.pipeline.info.ImageLoadStatus.ERROR}" />
    </annotation>
  </item>
</root>

