[
    {
        "code":"297",
        "pinyin":"ALuBa",
        "isoCode":"ABW",
        "areaName":"Aruba",
        "domainAbbreviation":"AW"
    },
    {
        "code":"1264",
        "pinyin":"AnGuiLa",
        "isoCode":"AIA",
        "areaName":"Anguilla",
        "domainAbbreviation":"AI"
    },
    {
        "code":"1268",
        "pinyin":"AnTiGuaHeBaBuDa",
        "isoCode":"ATG",
        "areaName":"Antigua and Barbuda",
        "domainAbbreviation":"AG"
    },
    {
        "code":"1246",
        "pinyin":"BaBaDuoSi",
        "isoCode":"BRB",
        "areaName":"Barbados",
        "domainAbbreviation":"BB"
    },
    {
        "code":"1242",
        "pinyin":"BaHaMa",
        "isoCode":"BHS",
        "areaName":"Bahamas",
        "domainAbbreviation":"BS"
    },
    {
        "code":"507",
        "pinyin":"BaNaMa",
        "isoCode":"PAN",
        "areaName":"Panama",
        "domainAbbreviation":"PA"
    },
    {
        "code":"1441",
        "pinyin":"BaiMuDa",
        "isoCode":"BMU",
        "areaName":"Bermuda",
        "domainAbbreviation":"BM"
    },
    {
        "code":"1787",
        "pinyin":"BoDuoLiGe",
        "isoCode":"PRI",
        "areaName":"Puerto Rico",
        "domainAbbreviation":"PR"
    },
    {
        "code":"501",
        "pinyin":"BoLizi",
        "isoCode":"BLZ",
        "areaName":"Belize",
        "domainAbbreviation":"BZ"
    },
    {
        "code":"1809",
        "pinyin":"DuoMiNiJiaGongHeGuo",
        "isoCode":"DOM",
        "areaName":"Dominican Republic",
        "domainAbbreviation":"DO"
    },
    {
        "code":"1767",
        "pinyin":"DuoMiNiKe",
        "isoCode":"DMA",
        "areaName":"Dominica",
        "domainAbbreviation":"DM"
    },
    {
        "code":"590",
        "pinyin":"ShengMaDing",
        "isoCode":"MAF",
        "areaName":"Saint Martin",
        "domainAbbreviation":"MF"
    },
    {
        "code":"506",
        "pinyin":"GeSiDaLiJia",
        "isoCode":"CRI",
        "areaName":"Costa Rica",
        "domainAbbreviation":"CR"
    },
    {
        "code":"1473",
        "pinyin":"GeLinNaDa",
        "isoCode":"GRD",
        "areaName":"Grenada",
        "domainAbbreviation":"GD"
    },
    {
        "code":"299",
        "pinyin":"GeLingLan",
        "isoCode":"GRL",
        "areaName":"Greenland",
        "domainAbbreviation":"GL"
    },
    {
        "code":"53",
        "pinyin":"GuBa",
        "isoCode":"CUB",
        "areaName":"Cuba",
        "domainAbbreviation":"CU"
    },
    {
        "code":"590",
        "pinyin":"GuaDeLuoPu",
        "isoCode":"GLP",
        "areaName":"Guadeloupe",
        "domainAbbreviation":"GP"
    },
    {
        "code":"509",
        "pinyin":"HaiDi",
        "isoCode":"HTI",
        "areaName":"Haiti",
        "domainAbbreviation":"HT"
    },
    {
        "code":"599",
        "pinyin":"HeLanJiaLeBiQu",
        "isoCode":"BES",
        "areaName":"Caribbean Netherlands",
        "domainAbbreviation":"BQ"
    },
    {
        "code":"1721",
        "pinyin":"HeShuShengMaDing",
        "isoCode":"SXM",
        "areaName":"Dutch Saint Martin",
        "domainAbbreviation":"SX"
    },
    {
        "code":"504",
        "pinyin":"HongDuLaSi",
        "isoCode":"HND",
        "areaName":"Honduras",
        "domainAbbreviation":"HN"
    },
    {
        "code":"1",
        "pinyin":"JiaNaDa",
        "isoCode":"CAN",
        "areaName":"Canada",
        "domainAbbreviation":"CA"
    },
    {
        "code":"1345",
        "pinyin":"KaiManQunDao",
        "isoCode":"CYM",
        "areaName":"Cayman Islands",
        "domainAbbreviation":"KY"
    },
    {
        "code":"599",
        "pinyin":"KuLaSuoDao",
        "isoCode":"CUW",
        "areaName":"Curacao",
        "domainAbbreviation":"CW"
    },
    {
        "code":"596",
        "pinyin":"MaTiNiKe",
        "isoCode":"MTQ",
        "areaName":"Martinique",
        "domainAbbreviation":"MQ"
    },
    {
        "code":"1",
        "pinyin":"MeiGuo",
        "isoCode":"USA",
        "areaName":"United States of America",
        "domainAbbreviation":"US"
    },
    {
        "code":"246",
        "pinyin":"MeiGuoBenTuWaiXiaoDaoYu",
        "isoCode":"UMI",
        "areaName":"United States Minor Outlying Islands",
        "domainAbbreviation":"UM"
    },
    {
        "code":"1340",
        "pinyin":"MeiShuWeiErJingQunDao",
        "isoCode":"VIR",
        "areaName":"United States Virgin Islands",
        "domainAbbreviation":"VI"
    },
    {
        "code":"1664",
        "pinyin":"MengSaiLaTeDao",
        "isoCode":"MSR",
        "areaName":"Montserrat",
        "domainAbbreviation":"MS"
    },
    {
        "code":"52",
        "pinyin":"MoXiGe",
        "isoCode":"MEX",
        "areaName":"Mexico",
        "domainAbbreviation":"MX"
    },
    {
        "code":"505",
        "pinyin":"NiJiaLaGua",
        "isoCode":"NIC",
        "areaName":"Nicaragua",
        "domainAbbreviation":"NI"
    },
    {
        "code":"503",
        "pinyin":"SaErWaDuo",
        "isoCode":"SLV",
        "areaName":"El Salvador",
        "domainAbbreviation":"SV"
    },
    {
        "code":"590",
        "pinyin":"ShengBaTaiLeMiDao",
        "isoCode":"BLM",
        "areaName":"Saint Barthelemy",
        "domainAbbreviation":"BL"
    },
    {
        "code":"1869",
        "pinyin":"ShengJiCiHeNiWeiSi",
        "isoCode":"KNA",
        "areaName":"Saint Kitts and Nevis",
        "domainAbbreviation":"KN"
    },
    {
        "code":"1758",
        "pinyin":"ShengLuXiYa",
        "isoCode":"LCA",
        "areaName":"Saint Lucia",
        "domainAbbreviation":"LC"
    },
    {
        "code":"508",
        "pinyin":"ShengPiAiErHeMiKeLong",
        "isoCode":"SPM",
        "areaName":"Saint Pierre and Miquelon",
        "domainAbbreviation":"PM"
    },
    {
        "code":"1784",
        "pinyin":"ShengWenSenTeHeGeLinNaDingSi",
        "isoCode":"VCT",
        "areaName":"Saint Vincent and the Grenadines",
        "domainAbbreviation":"VC"
    },
    {
        "code":"1649",
        "pinyin":"TeKeSiHeKaiKeSiQunDao",
        "isoCode":"TCA",
        "areaName":"Turks and Caicos Islands",
        "domainAbbreviation":"TC"
    },
    {
        "code":"1868",
        "pinyin":"TeLiNiDaHeDuoBaGe",
        "isoCode":"TTO",
        "areaName":"Trinidad & Tobago",
        "domainAbbreviation":"TT"
    },
    {
        "code":"502",
        "pinyin":"WeiDiMaLa",
        "isoCode":"GTM",
        "areaName":"Guatemala",
        "domainAbbreviation":"GT"
    },
    {
        "code":"1876",
        "pinyin":"YaMaiJia",
        "isoCode":"JAM",
        "areaName":"Jamaica",
        "domainAbbreviation":"JM"
    },
    {
        "code":"1284",
        "pinyin":"YingShuWeiErJingQunDao",
        "isoCode":"VGB",
        "areaName":"Virgin Islands British",
        "domainAbbreviation":"VG"
    },
    {
        "code":"61",
        "pinyin":"AoDaLiYa",
        "isoCode":"AUS",
        "areaName":"Australia",
        "domainAbbreviation":"AU"
    },
    {
        "code":"675",
        "pinyin":"BaBuYaXinJiNeiYa",
        "isoCode":"PNG",
        "areaName":"Papua New Guinea",
        "domainAbbreviation":"PG"
    },
    {
        "code":"1670",
        "pinyin":"BeiMaLiYaNaQunDao",
        "isoCode":"MNP",
        "areaName":"Northern Mariana Islands",
        "domainAbbreviation":"MP"
    },
    {
        "code":"689",
        "pinyin":"FaShuBoLiNiXiYa",
        "isoCode":"PYF",
        "areaName":"French Polynesia",
        "domainAbbreviation":"PF"
    },
    {
        "code":"1671",
        "pinyin":"GuanDao",
        "isoCode":"GUM",
        "areaName":"Guam",
        "domainAbbreviation":"GU"
    },
    {
        "code":"686",
        "pinyin":"JiLiBaSi",
        "isoCode":"KIR",
        "areaName":"Kiribati",
        "domainAbbreviation":"KI"
    },
    {
        "code":"682",
        "pinyin":"KuKeQunDao",
        "isoCode":"COK",
        "areaName":"Cook Islands",
        "domainAbbreviation":"CK"
    },
    {
        "code":"692",
        "pinyin":"MaShaoErQunDao",
        "isoCode":"MHL",
        "areaName":"Marshall Islands",
        "domainAbbreviation":"MH"
    },
    {
        "code":"1684",
        "pinyin":"MeiShuSaMoYa",
        "isoCode":"ASM",
        "areaName":"United States Samoa",
        "domainAbbreviation":"AS"
    },
    {
        "code":"691",
        "pinyin":"MiKeLuoNiXiYaLianBang",
        "isoCode":"FSM",
        "areaName":"Federated States of Micronesia",
        "domainAbbreviation":"FM"
    },
    {
        "code":"683",
        "pinyin":"NiuAi",
        "isoCode":"NIU",
        "areaName":"Niue",
        "domainAbbreviation":"NU"
    },
    {
        "code":"672",
        "pinyin":"NuoFuKeDao",
        "isoCode":"NFK",
        "areaName":"Norfolk Island",
        "domainAbbreviation":"NF"
    },
    {
        "code":"680",
        "pinyin":"PaLao",
        "isoCode":"PLW",
        "areaName":"Palau",
        "domainAbbreviation":"PW"
    },
    {
        "code":"64",
        "pinyin":"PiTeKaiEnQunDao",
        "isoCode":"PCN",
        "areaName":"Pitcairn Islands",
        "domainAbbreviation":"PN"
    },
    {
        "code":"685",
        "pinyin":"SaMoYa",
        "isoCode":"WSM",
        "areaName":"Samoa",
        "domainAbbreviation":"WS"
    },
    {
        "code":"677",
        "pinyin":"SuoLuoMenQunDao",
        "isoCode":"SLB",
        "areaName":"Solomon Islands",
        "domainAbbreviation":"SB"
    },
    {
        "code":"676",
        "pinyin":"TangJia",
        "isoCode":"TON",
        "areaName":"Tonga",
        "domainAbbreviation":"TO"
    },
    {
        "code":"688",
        "pinyin":"TuWaLu",
        "isoCode":"TUV",
        "areaName":"Tuvalu",
        "domainAbbreviation":"TV"
    },
    {
        "code":"690",
        "pinyin":"TuoKeLao",
        "isoCode":"TKL",
        "areaName":"Tokelau",
        "domainAbbreviation":"TK"
    },
    {
        "code":"681",
        "pinyin":"WaLiSiHeFuTuNa",
        "isoCode":"WLF",
        "areaName":"Wallis and Futuna",
        "domainAbbreviation":"WF"
    },
    {
        "code":"678",
        "pinyin":"WaNuATu",
        "isoCode":"VUT",
        "areaName":"Vanuatu",
        "domainAbbreviation":"VU"
    },
    {
        "code":"687",
        "pinyin":"XinKaLiDuoNiYa",
        "isoCode":"NCL",
        "areaName":"New Caledonia",
        "domainAbbreviation":"NC"
    },
    {
        "code":"64",
        "pinyin":"XinXiLan",
        "isoCode":"NZL",
        "areaName":"New Zealand",
        "domainAbbreviation":"NZ"
    },
    {
        "code":"674",
        "pinyin":"NaoLu",
        "isoCode":"NRU",
        "areaName":"Nauru",
        "domainAbbreviation":"NR"
    },
    {
        "code":"679",
        "pinyin":"FeiJiQunDao",
        "isoCode":"FJI",
        "areaName":"Fiji Islands",
        "domainAbbreviation":"FJ"
    },
    {
        "code":"213",
        "pinyin":"AErJiLiYa",
        "isoCode":"DZA",
        "areaName":"Algeria",
        "domainAbbreviation":"DZ"
    },
    {
        "code":"20",
        "pinyin":"AiJi",
        "isoCode":"EGY",
        "areaName":"Egypt",
        "domainAbbreviation":"EG"
    },
    {
        "code":"251",
        "pinyin":"AiSaiEBiYa",
        "isoCode":"ETH",
        "areaName":"Ethiopia",
        "domainAbbreviation":"ET"
    },
    {
        "code":"244",
        "pinyin":"AnGeLa",
        "isoCode":"AGO",
        "areaName":"Angola",
        "domainAbbreviation":"AO"
    },
    {
        "code":"229",
        "pinyin":"BeiNing",
        "isoCode":"BEN",
        "areaName":"Benin",
        "domainAbbreviation":"BJ"
    },
    {
        "code":"267",
        "pinyin":"BoCiWaNa",
        "isoCode":"BWA",
        "areaName":"Botswana",
        "domainAbbreviation":"BW"
    },
    {
        "code":"226",
        "pinyin":"BuJiNaFaSuo",
        "isoCode":"BFA",
        "areaName":"Burkina Faso",
        "domainAbbreviation":"BF"
    },
    {
        "code":"257",
        "pinyin":"BuLongDi",
        "isoCode":"BDI",
        "areaName":"Burundi",
        "domainAbbreviation":"BI"
    },
    {
        "code":"240",
        "pinyin":"ChiDaoJiNeiYa",
        "isoCode":"GNQ",
        "areaName":"Equatorial Guinea",
        "domainAbbreviation":"GQ"
    },
    {
        "code":"228",
        "pinyin":"DuoGe",
        "isoCode":"TGO",
        "areaName":"Togo",
        "domainAbbreviation":"TG"
    },
    {
        "code":"291",
        "pinyin":"ELiTeLiYa",
        "isoCode":"ERI",
        "areaName":"Eritrea",
        "domainAbbreviation":"ER"
    },
    {
        "code":"238",
        "pinyin":"FoDeJiao",
        "isoCode":"CPV",
        "areaName":"Cape Verde",
        "domainAbbreviation":"CV"
    },
    {
        "code":"220",
        "pinyin":"GangBiYa",
        "isoCode":"GMB",
        "areaName":"Gambia",
        "domainAbbreviation":"GM"
    },
    {
        "code":"242",
        "pinyin":"GangGuo(Bu)",
        "isoCode":"COG",
        "areaName":"Republic of Congo",
        "domainAbbreviation":"CG"
    },
    {
        "code":"243",
        "pinyin":"GangGuo(Jin)",
        "isoCode":"COD",
        "areaName":"Democratic Republic of the Congo",
        "domainAbbreviation":"CD"
    },
    {
        "code":"253",
        "pinyin":"JiBuTi",
        "isoCode":"DJI",
        "areaName":"Djibouti",
        "domainAbbreviation":"DJ"
    },
    {
        "code":"224",
        "pinyin":"JiNeiYa",
        "isoCode":"GIN",
        "areaName":"Guinea",
        "domainAbbreviation":"GN"
    },
    {
        "code":"245",
        "pinyin":"JiNeiYaBiShao",
        "isoCode":"GNB",
        "areaName":"Guinea-Bissau",
        "domainAbbreviation":"GW"
    },
    {
        "code":"233",
        "pinyin":"JiaNa",
        "isoCode":"GHA",
        "areaName":"Ghana",
        "domainAbbreviation":"GH"
    },
    {
        "code":"241",
        "pinyin":"JiaPeng",
        "isoCode":"GAB",
        "areaName":"Gabon",
        "domainAbbreviation":"GA"
    },
    {
        "code":"263",
        "pinyin":"JinBaBuWei",
        "isoCode":"ZWE",
        "areaName":"Zimbabwe",
        "domainAbbreviation":"ZW"
    },
    {
        "code":"237",
        "pinyin":"KaMaiLong",
        "isoCode":"CMR",
        "areaName":"Cameroon",
        "domainAbbreviation":"CM"
    },
    {
        "code":"269",
        "pinyin":"KeMoLuo",
        "isoCode":"COM",
        "areaName":"Comoros",
        "domainAbbreviation":"KM"
    },
    {
        "code":"225",
        "pinyin":"KeTeDiWa",
        "isoCode":"CIV",
        "areaName":"Ivory Coast",
        "domainAbbreviation":"CI"
    },
    {
        "code":"254",
        "pinyin":"KenNiYa",
        "isoCode":"KEN",
        "areaName":"Kenya",
        "domainAbbreviation":"KE"
    },
    {
        "code":"266",
        "pinyin":"LaiSuoTuo",
        "isoCode":"LSO",
        "areaName":"Lesotho",
        "domainAbbreviation":"LS"
    },
    {
        "code":"231",
        "pinyin":"LiBiLiYa",
        "isoCode":"LBR",
        "areaName":"Liberia",
        "domainAbbreviation":"LR"
    },
    {
        "code":"218",
        "pinyin":"LiBiYa",
        "isoCode":"LBY",
        "areaName":"Libya",
        "domainAbbreviation":"LY"
    },
    {
        "code":"262",
        "pinyin":"LiuNiWang",
        "isoCode":"REU",
        "areaName":"Reunion",
        "domainAbbreviation":"RE"
    },
    {
        "code":"250",
        "pinyin":"LuWangDa",
        "isoCode":"RWA",
        "areaName":"Rwanda",
        "domainAbbreviation":"RW"
    },
    {
        "code":"261",
        "pinyin":"MaDaJiaSiJia",
        "isoCode":"MDG",
        "areaName":"Madagascar",
        "domainAbbreviation":"MG"
    },
    {
        "code":"265",
        "pinyin":"MaLaWei",
        "isoCode":"MWI",
        "areaName":"Malawi",
        "domainAbbreviation":"MW"
    },
    {
        "code":"223",
        "pinyin":"MaLi",
        "isoCode":"MLI",
        "areaName":"Mali",
        "domainAbbreviation":"ML"
    },
    {
        "code":"262",
        "pinyin":"MaYueTe",
        "isoCode":"MYT",
        "areaName":"Mayotte",
        "domainAbbreviation":"YT"
    },
    {
        "code":"230",
        "pinyin":"MaoLiQiuSi",
        "isoCode":"MUS",
        "areaName":"Mauritius",
        "domainAbbreviation":"MU"
    },
    {
        "code":"222",
        "pinyin":"MaoLiTaNiYa",
        "isoCode":"MRT",
        "areaName":"Mauritania",
        "domainAbbreviation":"MR"
    },
    {
        "code":"212",
        "pinyin":"MoLuoGe",
        "isoCode":"MAR",
        "areaName":"Morocco",
        "domainAbbreviation":"MA"
    },
    {
        "code":"258",
        "pinyin":"MoSangBiKe",
        "isoCode":"MOZ",
        "areaName":"Mozambique",
        "domainAbbreviation":"MZ"
    },
    {
        "code":"264",
        "pinyin":"NaMiBiYa",
        "isoCode":"NAM",
        "areaName":"Namibia",
        "domainAbbreviation":"NA"
    },
    {
        "code":"27",
        "pinyin":"NanFei",
        "isoCode":"ZAF",
        "areaName":"South Africa",
        "domainAbbreviation":"ZA"
    },
    {
        "code":"211",
        "pinyin":"NanSuDan",
        "isoCode":"SSD",
        "areaName":"South Sudan",
        "domainAbbreviation":"SS"
    },
    {
        "code":"227",
        "pinyin":"NiRiEr",
        "isoCode":"NER",
        "areaName":"Niger",
        "domainAbbreviation":"NE"
    },
    {
        "code":"234",
        "pinyin":"NiRiLiYa",
        "isoCode":"NGA",
        "areaName":"Nigeria",
        "domainAbbreviation":"NG"
    },
    {
        "code":"232",
        "pinyin":"SaiLaLiAng",
        "isoCode":"SLE",
        "areaName":"Sierra Leone",
        "domainAbbreviation":"SL"
    },
    {
        "code":"221",
        "pinyin":"SaiNeiJiaEr",
        "isoCode":"SEN",
        "areaName":"Senegal",
        "domainAbbreviation":"SN"
    },
    {
        "code":"248",
        "pinyin":"SaiSheEr",
        "isoCode":"SYC",
        "areaName":"Seychelles",
        "domainAbbreviation":"SC"
    },
    {
        "code":"239",
        "pinyin":"ShengDuoMeiHePuLinXiBi",
        "isoCode":"STP",
        "areaName":"Sao Tome and Principe",
        "domainAbbreviation":"ST"
    },
    {
        "code":"290",
        "pinyin":"ShengHeLeNa",
        "isoCode":"SHN",
        "areaName":"Saint Helena",
        "domainAbbreviation":"SH"
    },
    {
        "code":"268",
        "pinyin":"SiWeiShiLan",
        "isoCode":"SWZ",
        "areaName":"Swaziland",
        "domainAbbreviation":"SZ"
    },
    {
        "code":"249",
        "pinyin":"SuDan",
        "isoCode":"SDN",
        "areaName":"Sudan",
        "domainAbbreviation":"SD"
    },
    {
        "code":"252",
        "pinyin":"SuoMaLi",
        "isoCode":"SOM",
        "areaName":"Somalia",
        "domainAbbreviation":"SO"
    },
    {
        "code":"255",
        "pinyin":"TanSangNiYa",
        "isoCode":"TZA",
        "areaName":"Tanzania",
        "domainAbbreviation":"TZ"
    },
    {
        "code":"216",
        "pinyin":"TuNiSi",
        "isoCode":"TUN",
        "areaName":"Tunisia",
        "domainAbbreviation":"TN"
    },
    {
        "code":"256",
        "pinyin":"WuGanDa",
        "isoCode":"UGA",
        "areaName":"Uganda",
        "domainAbbreviation":"UG"
    },
    {
        "code":"212",
        "pinyin":"XiSaHaLa",
        "isoCode":"ESH",
        "areaName":"Western Sahara",
        "domainAbbreviation":"EH"
    },
    {
        "code":"246",
        "pinyin":"YingShuYinDuYangLingDi",
        "isoCode":"IOT",
        "areaName":"British Indian Ocean Territory",
        "domainAbbreviation":"IO"
    },
    {
        "code":"260",
        "pinyin":"ZanBiYa",
        "isoCode":"ZMB",
        "areaName":"Zambia",
        "domainAbbreviation":"ZM"
    },
    {
        "code":"235",
        "pinyin":"ZhaDe",
        "isoCode":"TCD",
        "areaName":"Chad",
        "domainAbbreviation":"TD"
    },
    {
        "code":"236",
        "pinyin":"ZhongFei",
        "isoCode":"CAF",
        "areaName":"Central African",
        "domainAbbreviation":"CF"
    },
    {
        "code":"47",
        "pinyin":"BuWeiDao",
        "isoCode":"BVT",
        "areaName":"Bouvet Island",
        "domainAbbreviation":"BV"
    },
    {
        "code":"33",
        "pinyin":"FaShuNanBuLingDi",
        "isoCode":"ATF",
        "areaName":"French Southern and Antarctic Lands",
        "domainAbbreviation":"TF"
    },
    {
        "code":"672",
        "pinyin":"HeDeDaoHeMaiKeTangNaQunDao",
        "isoCode":"HMD",
        "areaName":"Heard Island and McDonald Islands",
        "domainAbbreviation":"HM"
    },
    {
        "code":"672",
        "pinyin":"NanJiZhou",
        "isoCode":"ATA",
        "areaName":"Antarctica",
        "domainAbbreviation":"AQ"
    },
    {
        "code":"500",
        "pinyin":"NanQiaoZhiYaDaoHeNanSangWeiQiQunDao",
        "isoCode":"SGS",
        "areaName":"South Georgia and South Sandwich Islands",
        "domainAbbreviation":"GS"
    },
    {
        "code":"595",
        "pinyin":"BaLaGui",
        "isoCode":"PRY",
        "areaName":"Paraguay",
        "domainAbbreviation":"PY"
    },
    {
        "code":"55",
        "pinyin":"BaXi",
        "isoCode":"BRA",
        "areaName":"Brazil",
        "domainAbbreviation":"BR"
    },
    {
        "code":"591",
        "pinyin":"BoLiWeiYa",
        "isoCode":"BOL",
        "areaName":"Bolivia",
        "domainAbbreviation":"BO"
    },
    {
        "code":"593",
        "pinyin":"EGuaDuoEr",
        "isoCode":"ECU",
        "areaName":"Ecuador",
        "domainAbbreviation":"EC"
    },
    {
        "code":"594",
        "pinyin":"FaShuGuiYaNa",
        "isoCode":"GUF",
        "areaName":"French Guyana",
        "domainAbbreviation":"GF"
    },
    {
        "code":"57",
        "pinyin":"GeLunBiYa",
        "isoCode":"COL",
        "areaName":"Colombia",
        "domainAbbreviation":"CO"
    },
    {
        "code":"592",
        "pinyin":"GuiYaNa",
        "isoCode":"GUY",
        "areaName":"Guyana",
        "domainAbbreviation":"GY"
    },
    {
        "code":"500",
        "pinyin":"MaErWeiNaSiQunDao(FuKeLan)",
        "isoCode":"FLK",
        "areaName":"Malvinas Islands (Falkland)",
        "domainAbbreviation":"FK"
    },
    {
        "code":"51",
        "pinyin":"MiLu",
        "isoCode":"PER",
        "areaName":"Peru",
        "domainAbbreviation":"PE"
    },
    {
        "code":"597",
        "pinyin":"SuLiNan",
        "isoCode":"SUR",
        "areaName":"Suriname",
        "domainAbbreviation":"SR"
    },
    {
        "code":"58",
        "pinyin":"WeiNeiRuiLa",
        "isoCode":"VEN",
        "areaName":"Venezuela",
        "domainAbbreviation":"VE"
    },
    {
        "code":"598",
        "pinyin":"WuLaGui",
        "isoCode":"URY",
        "areaName":"Uruguay",
        "domainAbbreviation":"UY"
    },
    {
        "code":"56",
        "pinyin":"ZhiLi",
        "isoCode":"CHL",
        "areaName":"Chile",
        "domainAbbreviation":"CL"
    },
    {
        "code":"355",
        "pinyin":"AErBaNiYa",
        "isoCode":"ALB",
        "areaName":"Albania",
        "domainAbbreviation":"AL"
    },
    {
        "code":"353",
        "pinyin":"AiErLan",
        "isoCode":"IRL",
        "areaName":"Ireland",
        "domainAbbreviation":"IE"
    },
    {
        "code":"372",
        "pinyin":"AiShaNiYa",
        "isoCode":"EST",
        "areaName":"Estonia",
        "domainAbbreviation":"EE"
    },
    {
        "code":"376",
        "pinyin":"AnDaoErGongHeGuo",
        "isoCode":"AND",
        "areaName":"Andorra",
        "domainAbbreviation":"AD"
    },
    {
        "code":"43",
        "pinyin":"AoDiLi",
        "isoCode":"AUT",
        "areaName":"Austria",
        "domainAbbreviation":"AT"
    },
    {
        "code":"35818",
        "pinyin":"AoLanQunDao",
        "isoCode":"ALA",
        "areaName":"Aland Islands",
        "domainAbbreviation":"AX"
    },
    {
        "code":"375",
        "pinyin":"BaiELuoSi",
        "isoCode":"BLR",
        "areaName":"Belarus",
        "domainAbbreviation":"BY"
    },
    {
        "code":"359",
        "pinyin":"BaoJiaLiYa",
        "isoCode":"BGR",
        "areaName":"Bulgaria",
        "domainAbbreviation":"BG"
    },
    {
        "code":"32",
        "pinyin":"BiLiShi",
        "isoCode":"BEL",
        "areaName":"Belgium",
        "domainAbbreviation":"BE"
    },
    {
        "code":"354",
        "pinyin":"BingDao",
        "isoCode":"ISL",
        "areaName":"Iceland",
        "domainAbbreviation":"IS"
    },
    {
        "code":"387",
        "pinyin":"BoSiNiYaHeHeiSaiGeWeiNa",
        "isoCode":"BIH",
        "areaName":"Bosnia & Herzegovina",
        "domainAbbreviation":"BA"
    },
    {
        "code":"48",
        "pinyin":"BoLan",
        "isoCode":"POL",
        "areaName":"Poland",
        "domainAbbreviation":"PL"
    },
    {
        "code":"45",
        "pinyin":"DanMai",
        "isoCode":"DNK",
        "areaName":"Denmark",
        "domainAbbreviation":"DK"
    },
    {
        "code":"49",
        "pinyin":"DeGuo",
        "isoCode":"DEU",
        "areaName":"Germany",
        "domainAbbreviation":"DE"
    },
    {
        "code":"33",
        "pinyin":"FaGuo",
        "isoCode":"FRA",
        "areaName":"France",
        "domainAbbreviation":"FR"
    },
    {
        "code":"298",
        "pinyin":"FaLuoQunDao",
        "isoCode":"FRO",
        "areaName":"Faroe Islands",
        "domainAbbreviation":"FO"
    },
    {
        "code":"358",
        "pinyin":"FenLan",
        "isoCode":"FIN",
        "areaName":"Finland",
        "domainAbbreviation":"FI"
    },
    {
        "code":"441481",
        "pinyin":"GenXiDao",
        "isoCode":"GGY",
        "areaName":"Guernsey",
        "domainAbbreviation":"GG"
    },
    {
        "code":"31",
        "pinyin":"HeLan",
        "isoCode":"NLD",
        "areaName":"Netherlands",
        "domainAbbreviation":"NL"
    },
    {
        "code":"382",
        "pinyin":"HeiShanGongHeGuo",
        "isoCode":"MNE",
        "areaName":"Montenegro",
        "domainAbbreviation":"ME"
    },
    {
        "code":"420",
        "pinyin":"JiKeGongHeGuo",
        "isoCode":"CZE",
        "areaName":"Czech Republic",
        "domainAbbreviation":"CZ"
    },
    {
        "code":"385",
        "pinyin":"KeLuoDiYa",
        "isoCode":"HRV",
        "areaName":"Croatia",
        "domainAbbreviation":"HR"
    },
    {
        "code":"371",
        "pinyin":"LaTuoWeiYa",
        "isoCode":"LVA",
        "areaName":"Latvia",
        "domainAbbreviation":"LV"
    },
    {
        "code":"370",
        "pinyin":"LiTaoWan",
        "isoCode":"LTU",
        "areaName":"Lithuania",
        "domainAbbreviation":"LT"
    },
    {
        "code":"423",
        "pinyin":"LieZhiDunShiDeng",
        "isoCode":"LIE",
        "areaName":"Liechtenstein",
        "domainAbbreviation":"LI"
    },
    {
        "code":"352",
        "pinyin":"LuSenBao",
        "isoCode":"LUX",
        "areaName":"Luxembourg",
        "domainAbbreviation":"LU"
    },
    {
        "code":"40",
        "pinyin":"LuoMaNiYa",
        "isoCode":"ROU",
        "areaName":"Romania",
        "domainAbbreviation":"RO"
    },
    {
        "code":"441624",
        "pinyin":"MaEnDao",
        "isoCode":"IMN",
        "areaName":"Isle of Man",
        "domainAbbreviation":"IM"
    },
    {
        "code":"356",
        "pinyin":"MaErTa",
        "isoCode":"MLT",
        "areaName":"Malta",
        "domainAbbreviation":"MT"
    },
    {
        "code":"389",
        "pinyin":"MaQiDun",
        "isoCode":"MKD",
        "areaName":"Macedonia",
        "domainAbbreviation":"MK"
    },
    {
        "code":"373",
        "pinyin":"MoErDuoWa",
        "isoCode":"MDA",
        "areaName":"Moldova",
        "domainAbbreviation":"MD"
    },
    {
        "code":"377",
        "pinyin":"MoNaGe",
        "isoCode":"MCO",
        "areaName":"Monaco",
        "domainAbbreviation":"MC"
    },
    {
        "code":"47",
        "pinyin":"NuoWei",
        "isoCode":"NOR",
        "areaName":"Norway",
        "domainAbbreviation":"NO"
    },
    {
        "code":"351",
        "pinyin":"PUTaoYa",
        "isoCode":"PRT",
        "areaName":"Portugal",
        "domainAbbreviation":"PT"
    },
    {
        "code":"46",
        "pinyin":"RuiDian",
        "isoCode":"SWE",
        "areaName":"Sweden",
        "domainAbbreviation":"SE"
    },
    {
        "code":"41",
        "pinyin":"RuiShi",
        "isoCode":"CHE",
        "areaName":"Switzerland",
        "domainAbbreviation":"CH"
    },
    {
        "code":"381",
        "pinyin":"SaiErWeiYa",
        "isoCode":"SRB",
        "areaName":"Serbia",
        "domainAbbreviation":"RS"
    },
    {
        "code":"378",
        "pinyin":"ShengMaLiNuo",
        "isoCode":"SMR",
        "areaName":"San Marino",
        "domainAbbreviation":"SM"
    },
    {
        "code":"421",
        "pinyin":"SiLuoFaKe",
        "isoCode":"SVK",
        "areaName":"Slovakia",
        "domainAbbreviation":"SK"
    },
    {
        "code":"386",
        "pinyin":"SiLuoWenNiYa",
        "isoCode":"SVN",
        "areaName":"Slovenia",
        "domainAbbreviation":"SI"
    },
    {
        "code":"4779",
        "pinyin":"SiWaErBaQunDaoHeYangMaYanDao",
        "isoCode":"SJM",
        "areaName":"Svalbard and Jan Mayen",
        "domainAbbreviation":"SJ"
    },
    {
        "code":"380",
        "pinyin":"WuKeLan",
        "isoCode":"UKR",
        "areaName":"Ukraine",
        "domainAbbreviation":"UA"
    },
    {
        "code":"34",
        "pinyin":"XiBanYa",
        "isoCode":"ESP",
        "areaName":"Spain",
        "domainAbbreviation":"ES"
    },
    {
        "code":"30",
        "pinyin":"XiLa",
        "isoCode":"GRC",
        "areaName":"Greece",
        "domainAbbreviation":"GR"
    },
    {
        "code":"36",
        "pinyin":"XiongyaLi",
        "isoCode":"HUN",
        "areaName":"Hungary",
        "domainAbbreviation":"HU"
    },
    {
        "code":"39",
        "pinyin":"YiDaLi",
        "isoCode":"ITA",
        "areaName":"Italy",
        "domainAbbreviation":"IT"
    },
    {
        "code":"44",
        "pinyin":"YingGuo",
        "isoCode":"GBR",
        "areaName":"United Kingdom",
        "domainAbbreviation":"GB"
    },
    {
        "code":"441534",
        "pinyin":"ZeXiDao",
        "isoCode":"JEY",
        "areaName":"Jersey Island",
        "domainAbbreviation":"JE"
    },
    {
        "code":"350",
        "pinyin":"ZhiBuLuoTuo",
        "isoCode":"GIB",
        "areaName":"Gibraltar",
        "domainAbbreviation":"GI"
    },
    {
        "code":"379",
        "pinyin":"FanDiGang",
        "isoCode":"VAT",
        "areaName":"Vatican",
        "domainAbbreviation":"VA"
    },
    {
        "code":"93",
        "pinyin":"AFuHan",
        "isoCode":"AFG",
        "areaName":"Afghanistan",
        "domainAbbreviation":"AF"
    },
    {
        "code":"54",
        "pinyin":"AGenTing",
        "isoCode":"ARG",
        "areaName":"Argentina",
        "domainAbbreviation":"AR"
    },
    {
        "code":"971",
        "pinyin":"ALianQiu",
        "isoCode":"ARE",
        "areaName":"United Arab Emirates",
        "domainAbbreviation":"AE"
    },
    {
        "code":"968",
        "pinyin":"AMan",
        "isoCode":"OMN",
        "areaName":"Oman",
        "domainAbbreviation":"OM"
    },
    {
        "code":"994",
        "pinyin":"ASaiBaiJiang",
        "isoCode":"AZE",
        "areaName":"Azerbaijan",
        "domainAbbreviation":"AZ"
    },
    {
        "code":"853",
        "pinyin":"ZhongGuoAoMen",
        "isoCode":"MAC",
        "areaName":"Macau",
        "domainAbbreviation":"MO"
    },
    {
        "code":"92",
        "pinyin":"BaJiSiTan",
        "isoCode":"PAK",
        "areaName":"Pakistan",
        "domainAbbreviation":"PK"
    },
    {
        "code":"970",
        "pinyin":"BaLeSiTan",
        "isoCode":"PSE",
        "areaName":"Palestine",
        "domainAbbreviation":"PS"
    },
    {
        "code":"973",
        "pinyin":"BaLin",
        "isoCode":"BHR",
        "areaName":"Bahrain",
        "domainAbbreviation":"BH"
    },
    {
        "code":"975",
        "pinyin":"BuDan",
        "isoCode":"BTN",
        "areaName":"Bhutan",
        "domainAbbreviation":"BT"
    },
    {
        "code":"850",
        "pinyin":"ChaoXian",
        "isoCode":"PRK",
        "areaName":"North Korea",
        "domainAbbreviation":"KP"
    },
    {
        "code":"670",
        "pinyin":"DongDiWen",
        "isoCode":"TLS",
        "areaName":"East Timor",
        "domainAbbreviation":"TL"
    },
    {
        "code":"63",
        "pinyin":"FeiLvBin",
        "isoCode":"PHL",
        "areaName":"Philippines",
        "domainAbbreviation":"PH"
    },
    {
        "code":"995",
        "pinyin":"GeLuJiYa",
        "isoCode":"GEO",
        "areaName":"Georgia",
        "domainAbbreviation":"GE"
    },
    {
        "code":"7",
        "pinyin":"HaSaKeSiTan",
        "isoCode":"KAZ",
        "areaName":"Kazakhstan",
        "domainAbbreviation":"KZ"
    },
    {
        "code":"82",
        "pinyin":"HanGuo",
        "isoCode":"KOR",
        "areaName":"South Korea",
        "domainAbbreviation":"KR"
    },
    {
        "code":"996",
        "pinyin":"JiErJiSiSiTan",
        "isoCode":"KGZ",
        "areaName":"Kyrgyzstan",
        "domainAbbreviation":"KG"
    },
    {
        "code":"855",
        "pinyin":"JianPuZhai",
        "isoCode":"KHM",
        "areaName":"Cambodia",
        "domainAbbreviation":"KH"
    },
    {
        "code":"974",
        "pinyin":"KaTaEr",
        "isoCode":"QAT",
        "areaName":"Qatar",
        "domainAbbreviation":"QA"
    },
    {
        "code":"61",
        "pinyin":"KeKeSiQunDao",
        "isoCode":"CCK",
        "areaName":"Cocos Islands",
        "domainAbbreviation":"CC"
    },
    {
        "code":"965",
        "pinyin":"KeWeiTe",
        "isoCode":"KWT",
        "areaName":"Kuwait",
        "domainAbbreviation":"KW"
    },
    {
        "code":"856",
        "pinyin":"LaoWo",
        "isoCode":"LAO",
        "areaName":"Laos",
        "domainAbbreviation":"LA"
    },
    {
        "code":"961",
        "pinyin":"LiBaNen",
        "isoCode":"LBN",
        "areaName":"Lebanon",
        "domainAbbreviation":"LB"
    },
    {
        "code":"960",
        "pinyin":"MaErDaiFu",
        "isoCode":"MDV",
        "areaName":"Maldives",
        "domainAbbreviation":"MV"
    },
    {
        "code":"60",
        "pinyin":"MaLaiXiYa",
        "isoCode":"MYS",
        "areaName":"Malaysia",
        "domainAbbreviation":"MY"
    },
    {
        "code":"976",
        "pinyin":"MengGu",
        "isoCode":"MNG",
        "areaName":"Mongolia",
        "domainAbbreviation":"MN"
    },
    {
        "code":"880",
        "pinyin":"MengJiaLaGuo",
        "isoCode":"BGD",
        "areaName":"Bangladesh",
        "domainAbbreviation":"BD"
    },
    {
        "code":"95",
        "pinyin":"MianDian",
        "isoCode":"MMR",
        "areaName":"Myanmar",
        "domainAbbreviation":"MM"
    },
    {
        "code":"977",
        "pinyin":"NiBoEr",
        "isoCode":"NPL",
        "areaName":"Nepal",
        "domainAbbreviation":"NP"
    },
    {
        "code":"81",
        "pinyin":"RiBen",
        "isoCode":"JPN",
        "areaName":"Japan",
        "domainAbbreviation":"JP"
    },
    {
        "code":"357",
        "pinyin":"SaiPuLuSi",
        "isoCode":"CYP",
        "areaName":"Cyprus",
        "domainAbbreviation":"CY"
    },
    {
        "code":"966",
        "pinyin":"ShaTeALaBo",
        "isoCode":"SAU",
        "areaName":"Saudi Arabia",
        "domainAbbreviation":"SA"
    },
    {
        "code":"61",
        "pinyin":"ShengDanDao",
        "isoCode":"CXR",
        "areaName":"Christmas Island",
        "domainAbbreviation":"CX"
    },
    {
        "code":"94",
        "pinyin":"SiLiLanKa",
        "isoCode":"LKA",
        "areaName":"Sri Lanka",
        "domainAbbreviation":"LK"
    },
    {
        "code":"992",
        "pinyin":"TaJiKeSiTan",
        "isoCode":"TJK",
        "areaName":"Tajikistan",
        "domainAbbreviation":"TJ"
    },
    {
        "code":"886",
        "pinyin":"ZhongGuoTaiWan",
        "isoCode":"TWN",
        "areaName":"Taiwan",
        "domainAbbreviation":"TW"
    },
    {
        "code":"66",
        "pinyin":"TaiGuo",
        "isoCode":"THA",
        "areaName":"Thailand",
        "domainAbbreviation":"TH"
    },
    {
        "code":"90",
        "pinyin":"TuErQi",
        "isoCode":"TUR",
        "areaName":"Turkey",
        "domainAbbreviation":"TR"
    },
    {
        "code":"993",
        "pinyin":"TuKuManSiTan",
        "isoCode":"TKM",
        "areaName":"Turkmenistan",
        "domainAbbreviation":"TM"
    },
    {
        "code":"673",
        "pinyin":"WenLai",
        "isoCode":"BRN",
        "areaName":"Brunei",
        "domainAbbreviation":"BN"
    },
    {
        "code":"998",
        "pinyin":"WuZiBieKeSiTan",
        "isoCode":"UZB",
        "areaName":"Uzbekistan",
        "domainAbbreviation":"UZ"
    },
    {
        "code":"852",
        "pinyin":"ZhongGuoXiangGang",
        "isoCode":"HKG",
        "areaName":"Hong Kong",
        "domainAbbreviation":"HK"
    },
    {
        "code":"65",
        "pinyin":"XinJiaPo",
        "isoCode":"SGP",
        "areaName":"Singapore",
        "domainAbbreviation":"SG"
    },
    {
        "code":"963",
        "pinyin":"XuLiYa",
        "isoCode":"SYR",
        "areaName":"Syria",
        "domainAbbreviation":"SY"
    },
    {
        "code":"374",
        "pinyin":"YaMeiNiYa",
        "isoCode":"ARM",
        "areaName":"Armenia",
        "domainAbbreviation":"AM"
    },
    {
        "code":"967",
        "pinyin":"YeMen",
        "isoCode":"YEM",
        "areaName":"Yemen",
        "domainAbbreviation":"YE"
    },
    {
        "code":"964",
        "pinyin":"YiLaKe",
        "isoCode":"IRQ",
        "areaName":"Iraq",
        "domainAbbreviation":"IQ"
    },
    {
        "code":"98",
        "pinyin":"YiLang",
        "isoCode":"IRN",
        "areaName":"Iran",
        "domainAbbreviation":"IR"
    },
    {
        "code":"972",
        "pinyin":"YiSeLie",
        "isoCode":"ISR",
        "areaName":"Israel",
        "domainAbbreviation":"IL"
    },
    {
        "code":"91",
        "pinyin":"YinDu",
        "isoCode":"IND",
        "areaName":"India",
        "domainAbbreviation":"IN"
    },
    {
        "code":"62",
        "pinyin":"YinDuNiXiYa",
        "isoCode":"IDN",
        "areaName":"Indonesia",
        "domainAbbreviation":"ID"
    },
    {
        "code":"962",
        "pinyin":"YueDan",
        "isoCode":"JOR",
        "areaName":"Jordan",
        "domainAbbreviation":"JO"
    },
    {
        "code":"84",
        "pinyin":"YueNan",
        "isoCode":"VNM",
        "areaName":"Vietnam",
        "domainAbbreviation":"VN"
    },
    {
        "code":"7",
        "pinyin":"ELuoSi",
        "isoCode":"RUS",
        "areaName":"Russia",
        "domainAbbreviation":"RU"
    },
    {
        "code":"86",
        "pinyin":"ZhongGuoDaLu",
        "isoCode":"CHN",
        "areaName":"China",
        "domainAbbreviation":"CN"
    }
]