[
    {
        "code":"297",
        "pinyin":"ALuBa",
        "isoCode":"ABW",
        "areaName":"अरूबा",
        "domainAbbreviation":"AW"
    },
    {
        "code":"1264",
        "pinyin":"AnGuiLa",
        "isoCode":"AIA",
        "areaName":"एंगुइला",
        "domainAbbreviation":"AI"
    },
    {
        "code":"1268",
        "pinyin":"AnTiGuaHeBaBuDa",
        "isoCode":"ATG",
        "areaName":"एंटीगुआ और बारबुडा",
        "domainAbbreviation":"AG"
    },
    {
        "code":"1246",
        "pinyin":"BaBaDuoSi",
        "isoCode":"BRB",
        "areaName":"बारबाडोस",
        "domainAbbreviation":"BB"
    },
    {
        "code":"1242",
        "pinyin":"BaHaMa",
        "isoCode":"BHS",
        "areaName":"बहामा",
        "domainAbbreviation":"BS"
    },
    {
        "code":"507",
        "pinyin":"BaNaMa",
        "isoCode":"PAN",
        "areaName":"पनामा",
        "domainAbbreviation":"PA"
    },
    {
        "code":"1441",
        "pinyin":"BaiMuDa",
        "isoCode":"BMU",
        "areaName":"बरमूडा",
        "domainAbbreviation":"BM"
    },
    {
        "code":"1787",
        "pinyin":"BoDuoLiGe",
        "isoCode":"PRI",
        "areaName":"प्यूर्टो रिको",
        "domainAbbreviation":"PR"
    },
    {
        "code":"501",
        "pinyin":"BoLizi",
        "isoCode":"BLZ",
        "areaName":"बेलीज़",
        "domainAbbreviation":"BZ"
    },
    {
        "code":"1809",
        "pinyin":"DuoMiNiJiaGongHeGuo",
        "isoCode":"DOM",
        "areaName":"डोमिनिकन गणराज्य",
        "domainAbbreviation":"DO"
    },
    {
        "code":"1767",
        "pinyin":"DuoMiNiKe",
        "isoCode":"DMA",
        "areaName":"डोमिनिका",
        "domainAbbreviation":"DM"
    },
    {
        "code":"590",
        "pinyin":"ShengMaDing",
        "isoCode":"MAF",
        "areaName":"सेंट मार्टिन",
        "domainAbbreviation":"MF"
    },
    {
        "code":"506",
        "pinyin":"GeSiDaLiJia",
        "isoCode":"CRI",
        "areaName":"कोस्टा रिका",
        "domainAbbreviation":"CR"
    },
    {
        "code":"1473",
        "pinyin":"GeLinNaDa",
        "isoCode":"GRD",
        "areaName":"ग्रेनाडा",
        "domainAbbreviation":"GD"
    },
    {
        "code":"299",
        "pinyin":"GeLingLan",
        "isoCode":"GRL",
        "areaName":"ग्रीनलैंड",
        "domainAbbreviation":"GL"
    },
    {
        "code":"53",
        "pinyin":"GuBa",
        "isoCode":"CUB",
        "areaName":"क्यूबा",
        "domainAbbreviation":"CU"
    },
    {
        "code":"590",
        "pinyin":"GuaDeLuoPu",
        "isoCode":"GLP",
        "areaName":"गुआदेलूप",
        "domainAbbreviation":"GP"
    },
    {
        "code":"509",
        "pinyin":"HaiDi",
        "isoCode":"HTI",
        "areaName":"हैती",
        "domainAbbreviation":"HT"
    },
    {
        "code":"599",
        "pinyin":"HeLanJiaLeBiQu",
        "isoCode":"BES",
        "areaName":"कैरेबियाई नीदरलैंड्स",
        "domainAbbreviation":"BQ"
    },
    {
        "code":"1721",
        "pinyin":"HeShuShengMaDing",
        "isoCode":"SXM",
        "areaName":"डच सेंट मार्टिन",
        "domainAbbreviation":"SX"
    },
    {
        "code":"504",
        "pinyin":"HongDuLaSi",
        "isoCode":"HND",
        "areaName":"होंडुरस",
        "domainAbbreviation":"HN"
    },
    {
        "code":"1",
        "pinyin":"JiaNaDa",
        "isoCode":"CAN",
        "areaName":"कनाडा",
        "domainAbbreviation":"CA"
    },
    {
        "code":"1345",
        "pinyin":"KaiManQunDao",
        "isoCode":"CYM",
        "areaName":"केमन द्वीपसमूह",
        "domainAbbreviation":"KY"
    },
    {
        "code":"599",
        "pinyin":"KuLaSuoDao",
        "isoCode":"CUW",
        "areaName":"कुराकाओ",
        "domainAbbreviation":"CW"
    },
    {
        "code":"596",
        "pinyin":"MaTiNiKe",
        "isoCode":"MTQ",
        "areaName":"मार्टीनिक",
        "domainAbbreviation":"MQ"
    },
    {
        "code":"1",
        "pinyin":"MeiGuo",
        "isoCode":"USA",
        "areaName":"संयुक्त राज्य अमेरिका",
        "domainAbbreviation":"US"
    },
    {
        "code":"246",
        "pinyin":"MeiGuoBenTuWaiXiaoDaoYu",
        "isoCode":"UMI",
        "areaName":"संयुक्त राज्य अमेरिका मामूली बहिवर्ती द्वीपसमूह",
        "domainAbbreviation":"UM"
    },
    {
        "code":"1340",
        "pinyin":"MeiShuWeiErJingQunDao",
        "isoCode":"VIR",
        "areaName":"संयुक्त राज्य अमेरिका वर्जिन द्वीपसमूह",
        "domainAbbreviation":"VI"
    },
    {
        "code":"1664",
        "pinyin":"MengSaiLaTeDao",
        "isoCode":"MSR",
        "areaName":"मॉण्टसेराट",
        "domainAbbreviation":"MS"
    },
    {
        "code":"52",
        "pinyin":"MoXiGe",
        "isoCode":"MEX",
        "areaName":"मेक्सिको",
        "domainAbbreviation":"MX"
    },
    {
        "code":"505",
        "pinyin":"NiJiaLaGua",
        "isoCode":"NIC",
        "areaName":"निकारागुआ",
        "domainAbbreviation":"NI"
    },
    {
        "code":"503",
        "pinyin":"SaErWaDuo",
        "isoCode":"SLV",
        "areaName":"अल साल्वाडोर",
        "domainAbbreviation":"SV"
    },
    {
        "code":"590",
        "pinyin":"ShengBaTaiLeMiDao",
        "isoCode":"BLM",
        "areaName":"सेंट बार्थेलेमी",
        "domainAbbreviation":"BL"
    },
    {
        "code":"1869",
        "pinyin":"ShengJiCiHeNiWeiSi",
        "isoCode":"KNA",
        "areaName":"सेंट किट्स और नेविस",
        "domainAbbreviation":"KN"
    },
    {
        "code":"1758",
        "pinyin":"ShengLuXiYa",
        "isoCode":"LCA",
        "areaName":"सेंट लूसिया",
        "domainAbbreviation":"LC"
    },
    {
        "code":"508",
        "pinyin":"ShengPiAiErHeMiKeLong",
        "isoCode":"SPM",
        "areaName":"सेंट पियरे और मिकेलॉन",
        "domainAbbreviation":"PM"
    },
    {
        "code":"1784",
        "pinyin":"ShengWenSenTeHeGeLinNaDingSi",
        "isoCode":"VCT",
        "areaName":"सेंट विंसेंट और ग्रेनेडाइंस",
        "domainAbbreviation":"VC"
    },
    {
        "code":"1649",
        "pinyin":"TeKeSiHeKaiKeSiQunDao",
        "isoCode":"TCA",
        "areaName":"तुर्क और कैकोस द्वीपसमूह",
        "domainAbbreviation":"TC"
    },
    {
        "code":"1868",
        "pinyin":"TeLiNiDaHeDuoBaGe",
        "isoCode":"TTO",
        "areaName":"त्रिनिदाद और टोबैगो",
        "domainAbbreviation":"TT"
    },
    {
        "code":"502",
        "pinyin":"WeiDiMaLa",
        "isoCode":"GTM",
        "areaName":"ग्वाटेमाला",
        "domainAbbreviation":"GT"
    },
    {
        "code":"1876",
        "pinyin":"YaMaiJia",
        "isoCode":"JAM",
        "areaName":"जमैका",
        "domainAbbreviation":"JM"
    },
    {
        "code":"1284",
        "pinyin":"YingShuWeiErJingQunDao",
        "isoCode":"VGB",
        "areaName":"वर्जिन द्वीपसमूह, ब्रिटिश",
        "domainAbbreviation":"VG"
    },
    {
        "code":"61",
        "pinyin":"AoDaLiYa",
        "isoCode":"AUS",
        "areaName":"ऑस्ट्रेलिया",
        "domainAbbreviation":"AU"
    },
    {
        "code":"675",
        "pinyin":"BaBuYaXinJiNeiYa",
        "isoCode":"PNG",
        "areaName":"पापुआ न्यू गिनी",
        "domainAbbreviation":"PG"
    },
    {
        "code":"1670",
        "pinyin":"BeiMaLiYaNaQunDao",
        "isoCode":"MNP",
        "areaName":"उत्तरी मारियाना द्वीपसमूह",
        "domainAbbreviation":"MP"
    },
    {
        "code":"689",
        "pinyin":"FaShuBoLiNiXiYa",
        "isoCode":"PYF",
        "areaName":"फ्रेंच पोलीनेशिया",
        "domainAbbreviation":"PF"
    },
    {
        "code":"1671",
        "pinyin":"GuanDao",
        "isoCode":"GUM",
        "areaName":"गुआम",
        "domainAbbreviation":"GU"
    },
    {
        "code":"686",
        "pinyin":"JiLiBaSi",
        "isoCode":"KIR",
        "areaName":"किरिबाती",
        "domainAbbreviation":"KI"
    },
    {
        "code":"682",
        "pinyin":"KuKeQunDao",
        "isoCode":"COK",
        "areaName":"कुक द्वीप",
        "domainAbbreviation":"CK"
    },
    {
        "code":"692",
        "pinyin":"MaShaoErQunDao",
        "isoCode":"MHL",
        "areaName":"मार्शल द्वीप",
        "domainAbbreviation":"MH"
    },
    {
        "code":"1684",
        "pinyin":"MeiShuSaMoYa",
        "isoCode":"ASM",
        "areaName":"संयुक्त राज्य अमेरिका समोआ",
        "domainAbbreviation":"AS"
    },
    {
        "code":"691",
        "pinyin":"MiKeLuoNiXiYaLianBang",
        "isoCode":"FSM",
        "areaName":"माइक्रोनेशिया के संघीय राज्य",
        "domainAbbreviation":"FM"
    },
    {
        "code":"683",
        "pinyin":"NiuAi",
        "isoCode":"NIU",
        "areaName":"निवे",
        "domainAbbreviation":"NU"
    },
    {
        "code":"672",
        "pinyin":"NuoFuKeDao",
        "isoCode":"NFK",
        "areaName":"नॉर्फ़ोक द्वीप",
        "domainAbbreviation":"NF"
    },
    {
        "code":"680",
        "pinyin":"PaLao",
        "isoCode":"PLW",
        "areaName":"पलाऊ",
        "domainAbbreviation":"PW"
    },
    {
        "code":"64",
        "pinyin":"PiTeKaiEnQunDao",
        "isoCode":"PCN",
        "areaName":"पिटकेर्न द्वीप समूह",
        "domainAbbreviation":"PN"
    },
    {
        "code":"685",
        "pinyin":"SaMoYa",
        "isoCode":"WSM",
        "areaName":"समोआ",
        "domainAbbreviation":"WS"
    },
    {
        "code":"677",
        "pinyin":"SuoLuoMenQunDao",
        "isoCode":"SLB",
        "areaName":"सोलोमन द्वीपसमूह",
        "domainAbbreviation":"SB"
    },
    {
        "code":"676",
        "pinyin":"TangJia",
        "isoCode":"TON",
        "areaName":"टोंगा",
        "domainAbbreviation":"TO"
    },
    {
        "code":"688",
        "pinyin":"TuWaLu",
        "isoCode":"TUV",
        "areaName":"तुवालू",
        "domainAbbreviation":"TV"
    },
    {
        "code":"690",
        "pinyin":"TuoKeLao",
        "isoCode":"TKL",
        "areaName":"टोकेल्यु",
        "domainAbbreviation":"TK"
    },
    {
        "code":"681",
        "pinyin":"WaLiSiHeFuTuNa",
        "isoCode":"WLF",
        "areaName":"वालिस और फ्यूचूना",
        "domainAbbreviation":"WF"
    },
    {
        "code":"678",
        "pinyin":"WaNuATu",
        "isoCode":"VUT",
        "areaName":"वानुअतु",
        "domainAbbreviation":"VU"
    },
    {
        "code":"687",
        "pinyin":"XinKaLiDuoNiYa",
        "isoCode":"NCL",
        "areaName":"न्यू कैलेडोनिया",
        "domainAbbreviation":"NC"
    },
    {
        "code":"64",
        "pinyin":"XinXiLan",
        "isoCode":"NZL",
        "areaName":"न्यूजीलैंड",
        "domainAbbreviation":"NZ"
    },
    {
        "code":"674",
        "pinyin":"NaoLu",
        "isoCode":"NRU",
        "areaName":"नौरू",
        "domainAbbreviation":"NR"
    },
    {
        "code":"679",
        "pinyin":"FeiJiQunDao",
        "isoCode":"FJI",
        "areaName":"फिजी द्वीप समूह",
        "domainAbbreviation":"FJ"
    },
    {
        "code":"213",
        "pinyin":"AErJiLiYa",
        "isoCode":"DZA",
        "areaName":"अल्जीरिया",
        "domainAbbreviation":"DZ"
    },
    {
        "code":"20",
        "pinyin":"AiJi",
        "isoCode":"EGY",
        "areaName":"मिस्र",
        "domainAbbreviation":"EG"
    },
    {
        "code":"251",
        "pinyin":"AiSaiEBiYa",
        "isoCode":"ETH",
        "areaName":"इथियोपिया",
        "domainAbbreviation":"ET"
    },
    {
        "code":"244",
        "pinyin":"AnGeLa",
        "isoCode":"AGO",
        "areaName":"अंगोला",
        "domainAbbreviation":"AO"
    },
    {
        "code":"229",
        "pinyin":"BeiNing",
        "isoCode":"BEN",
        "areaName":"बेनिन",
        "domainAbbreviation":"BJ"
    },
    {
        "code":"267",
        "pinyin":"BoCiWaNa",
        "isoCode":"BWA",
        "areaName":"बोत्सवाना",
        "domainAbbreviation":"BW"
    },
    {
        "code":"226",
        "pinyin":"BuJiNaFaSuo",
        "isoCode":"BFA",
        "areaName":"बुर्किना फासो",
        "domainAbbreviation":"BF"
    },
    {
        "code":"257",
        "pinyin":"BuLongDi",
        "isoCode":"BDI",
        "areaName":"बुरुंडी",
        "domainAbbreviation":"BI"
    },
    {
        "code":"240",
        "pinyin":"ChiDaoJiNeiYa",
        "isoCode":"GNQ",
        "areaName":"इक्वेटोरियल गिनी",
        "domainAbbreviation":"GQ"
    },
    {
        "code":"228",
        "pinyin":"DuoGe",
        "isoCode":"TGO",
        "areaName":"टोगो",
        "domainAbbreviation":"TG"
    },
    {
        "code":"291",
        "pinyin":"ELiTeLiYa",
        "isoCode":"ERI",
        "areaName":"इरिट्रिया",
        "domainAbbreviation":"ER"
    },
    {
        "code":"238",
        "pinyin":"FoDeJiao",
        "isoCode":"CPV",
        "areaName":"केप वर्डे",
        "domainAbbreviation":"CV"
    },
    {
        "code":"220",
        "pinyin":"GangBiYa",
        "isoCode":"GMB",
        "areaName":"गाम्बिया",
        "domainAbbreviation":"GM"
    },
    {
        "code":"242",
        "pinyin":"GangGuo(Bu)",
        "isoCode":"COG",
        "areaName":"कांगो गणराज्य",
        "domainAbbreviation":"CG"
    },
    {
        "code":"243",
        "pinyin":"GangGuo(Jin)",
        "isoCode":"COD",
        "areaName":"कांगो लोकतान्त्रिक गणराज्य",
        "domainAbbreviation":"CD"
    },
    {
        "code":"253",
        "pinyin":"JiBuTi",
        "isoCode":"DJI",
        "areaName":"जिबूती",
        "domainAbbreviation":"DJ"
    },
    {
        "code":"224",
        "pinyin":"JiNeiYa",
        "isoCode":"GIN",
        "areaName":"गिनी",
        "domainAbbreviation":"GN"
    },
    {
        "code":"245",
        "pinyin":"JiNeiYaBiShao",
        "isoCode":"GNB",
        "areaName":"गिनी-बिसाऊ",
        "domainAbbreviation":"GW"
    },
    {
        "code":"233",
        "pinyin":"JiaNa",
        "isoCode":"GHA",
        "areaName":"घाना",
        "domainAbbreviation":"GH"
    },
    {
        "code":"241",
        "pinyin":"JiaPeng",
        "isoCode":"GAB",
        "areaName":"गैबॉन",
        "domainAbbreviation":"GA"
    },
    {
        "code":"263",
        "pinyin":"JinBaBuWei",
        "isoCode":"ZWE",
        "areaName":"जिम्बाब्वे",
        "domainAbbreviation":"ZW"
    },
    {
        "code":"237",
        "pinyin":"KaMaiLong",
        "isoCode":"CMR",
        "areaName":"कैमरून",
        "domainAbbreviation":"CM"
    },
    {
        "code":"269",
        "pinyin":"KeMoLuo",
        "isoCode":"COM",
        "areaName":"कोमोरोस",
        "domainAbbreviation":"KM"
    },
    {
        "code":"225",
        "pinyin":"KeTeDiWa",
        "isoCode":"CIV",
        "areaName":"आइवरी कोस्ट",
        "domainAbbreviation":"CI"
    },
    {
        "code":"254",
        "pinyin":"KenNiYa",
        "isoCode":"KEN",
        "areaName":"केन्या",
        "domainAbbreviation":"KE"
    },
    {
        "code":"266",
        "pinyin":"LaiSuoTuo",
        "isoCode":"LSO",
        "areaName":"लेसोथो",
        "domainAbbreviation":"LS"
    },
    {
        "code":"231",
        "pinyin":"LiBiLiYa",
        "isoCode":"LBR",
        "areaName":"लाइबेरिया",
        "domainAbbreviation":"LR"
    },
    {
        "code":"218",
        "pinyin":"LiBiYa",
        "isoCode":"LBY",
        "areaName":"लीबिया",
        "domainAbbreviation":"LY"
    },
    {
        "code":"262",
        "pinyin":"LiuNiWang",
        "isoCode":"REU",
        "areaName":"रीयूनियन",
        "domainAbbreviation":"RE"
    },
    {
        "code":"250",
        "pinyin":"LuWangDa",
        "isoCode":"RWA",
        "areaName":"रवांडा",
        "domainAbbreviation":"RW"
    },
    {
        "code":"261",
        "pinyin":"MaDaJiaSiJia",
        "isoCode":"MDG",
        "areaName":"मेडागास्कर",
        "domainAbbreviation":"MG"
    },
    {
        "code":"265",
        "pinyin":"MaLaWei",
        "isoCode":"MWI",
        "areaName":"मलावी",
        "domainAbbreviation":"MW"
    },
    {
        "code":"223",
        "pinyin":"MaLi",
        "isoCode":"MLI",
        "areaName":"माली",
        "domainAbbreviation":"ML"
    },
    {
        "code":"262",
        "pinyin":"MaYueTe",
        "isoCode":"MYT",
        "areaName":"मयोटे",
        "domainAbbreviation":"YT"
    },
    {
        "code":"230",
        "pinyin":"MaoLiQiuSi",
        "isoCode":"MUS",
        "areaName":"मॉरीशस",
        "domainAbbreviation":"MU"
    },
    {
        "code":"222",
        "pinyin":"MaoLiTaNiYa",
        "isoCode":"MRT",
        "areaName":"मॉरिटानिया",
        "domainAbbreviation":"MR"
    },
    {
        "code":"212",
        "pinyin":"MoLuoGe",
        "isoCode":"MAR",
        "areaName":"मोरक्को",
        "domainAbbreviation":"MA"
    },
    {
        "code":"258",
        "pinyin":"MoSangBiKe",
        "isoCode":"MOZ",
        "areaName":"मोज़ाम्बिक",
        "domainAbbreviation":"MZ"
    },
    {
        "code":"264",
        "pinyin":"NaMiBiYa",
        "isoCode":"NAM",
        "areaName":"नामीबिया",
        "domainAbbreviation":"NA"
    },
    {
        "code":"27",
        "pinyin":"NanFei",
        "isoCode":"ZAF",
        "areaName":"दक्षिण अफ्रीका",
        "domainAbbreviation":"ZA"
    },
    {
        "code":"211",
        "pinyin":"NanSuDan",
        "isoCode":"SSD",
        "areaName":"दक्षिण सूडान",
        "domainAbbreviation":"SS"
    },
    {
        "code":"227",
        "pinyin":"NiRiEr",
        "isoCode":"NER",
        "areaName":"नाइजर",
        "domainAbbreviation":"NE"
    },
    {
        "code":"234",
        "pinyin":"NiRiLiYa",
        "isoCode":"NGA",
        "areaName":"नाइजीरिया",
        "domainAbbreviation":"NG"
    },
    {
        "code":"232",
        "pinyin":"SaiLaLiAng",
        "isoCode":"SLE",
        "areaName":"सिएरा लियोन",
        "domainAbbreviation":"SL"
    },
    {
        "code":"221",
        "pinyin":"SaiNeiJiaEr",
        "isoCode":"SEN",
        "areaName":"सेनेगल",
        "domainAbbreviation":"SN"
    },
    {
        "code":"248",
        "pinyin":"SaiSheEr",
        "isoCode":"SYC",
        "areaName":"सेशेल्स",
        "domainAbbreviation":"SC"
    },
    {
        "code":"239",
        "pinyin":"ShengDuoMeiHePuLinXiBi",
        "isoCode":"STP",
        "areaName":"साओ टोम और प्रिंसिपे",
        "domainAbbreviation":"ST"
    },
    {
        "code":"290",
        "pinyin":"ShengHeLeNa",
        "isoCode":"SHN",
        "areaName":"सेंट हेलेना",
        "domainAbbreviation":"SH"
    },
    {
        "code":"268",
        "pinyin":"SiWeiShiLan",
        "isoCode":"SWZ",
        "areaName":"स्वाज़ीलैंड",
        "domainAbbreviation":"SZ"
    },
    {
        "code":"249",
        "pinyin":"SuDan",
        "isoCode":"SDN",
        "areaName":"सूडान",
        "domainAbbreviation":"SD"
    },
    {
        "code":"252",
        "pinyin":"SuoMaLi",
        "isoCode":"SOM",
        "areaName":"सोमालिया",
        "domainAbbreviation":"SO"
    },
    {
        "code":"255",
        "pinyin":"TanSangNiYa",
        "isoCode":"TZA",
        "areaName":"तंज़ानिया",
        "domainAbbreviation":"TZ"
    },
    {
        "code":"216",
        "pinyin":"TuNiSi",
        "isoCode":"TUN",
        "areaName":"ट्यूनीशिया",
        "domainAbbreviation":"TN"
    },
    {
        "code":"256",
        "pinyin":"WuGanDa",
        "isoCode":"UGA",
        "areaName":"यूगांडा",
        "domainAbbreviation":"UG"
    },
    {
        "code":"212",
        "pinyin":"XiSaHaLa",
        "isoCode":"ESH",
        "areaName":"पश्चिमी सहारा",
        "domainAbbreviation":"EH"
    },
    {
        "code":"246",
        "pinyin":"YingShuYinDuYangLingDi",
        "isoCode":"IOT",
        "areaName":"ब्रिटिश हिंद महासागर क्षेत्र",
        "domainAbbreviation":"IO"
    },
    {
        "code":"260",
        "pinyin":"ZanBiYa",
        "isoCode":"ZMB",
        "areaName":"जाम्बिया",
        "domainAbbreviation":"ZM"
    },
    {
        "code":"235",
        "pinyin":"ZhaDe",
        "isoCode":"TCD",
        "areaName":"चाड",
        "domainAbbreviation":"TD"
    },
    {
        "code":"236",
        "pinyin":"ZhongFei",
        "isoCode":"CAF",
        "areaName":"मध्य अफ्रीकी",
        "domainAbbreviation":"CF"
    },
    {
        "code":"47",
        "pinyin":"BuWeiDao",
        "isoCode":"BVT",
        "areaName":"बोवेट द्वीप",
        "domainAbbreviation":"BV"
    },
    {
        "code":"33",
        "pinyin":"FaShuNanBuLingDi",
        "isoCode":"ATF",
        "areaName":"फ्रेंच दक्षिणी और अंटार्कटिक भूमि",
        "domainAbbreviation":"TF"
    },
    {
        "code":"672",
        "pinyin":"HeDeDaoHeMaiKeTangNaQunDao",
        "isoCode":"HMD",
        "areaName":"सुना द्वीप और मैकडॉनल्ड्स द्वीपसमूह",
        "domainAbbreviation":"HM"
    },
    {
        "code":"672",
        "pinyin":"NanJiZhou",
        "isoCode":"ATA",
        "areaName":"अंटार्कटिका",
        "domainAbbreviation":"AQ"
    },
    {
        "code":"500",
        "pinyin":"NanQiaoZhiYaDaoHeNanSangWeiQiQunDao",
        "isoCode":"SGS",
        "areaName":"दक्षिण जॉर्जिया और दक्षिण सैंडविच द्वीप समूह",
        "domainAbbreviation":"GS"
    },
    {
        "code":"595",
        "pinyin":"BaLaGui",
        "isoCode":"PRY",
        "areaName":"पैराग्वे",
        "domainAbbreviation":"PY"
    },
    {
        "code":"55",
        "pinyin":"BaXi",
        "isoCode":"BRA",
        "areaName":"ब्राजील",
        "domainAbbreviation":"BR"
    },
    {
        "code":"591",
        "pinyin":"BoLiWeiYa",
        "isoCode":"BOL",
        "areaName":"बोलीविया",
        "domainAbbreviation":"BO"
    },
    {
        "code":"593",
        "pinyin":"EGuaDuoEr",
        "isoCode":"ECU",
        "areaName":"इक्वाडोर",
        "domainAbbreviation":"EC"
    },
    {
        "code":"594",
        "pinyin":"FaShuGuiYaNa",
        "isoCode":"GUF",
        "areaName":"फ्रेंच गुयाना",
        "domainAbbreviation":"GF"
    },
    {
        "code":"57",
        "pinyin":"GeLunBiYa",
        "isoCode":"COL",
        "areaName":"कोलम्बिया",
        "domainAbbreviation":"CO"
    },
    {
        "code":"592",
        "pinyin":"GuiYaNa",
        "isoCode":"GUY",
        "areaName":"गुयाना",
        "domainAbbreviation":"GY"
    },
    {
        "code":"500",
        "pinyin":"MaErWeiNaSiQunDao(FuKeLan)",
        "isoCode":"FLK",
        "areaName":"माल्विनास द्वीप समूह (फ़ॉकलैंड)",
        "domainAbbreviation":"FK"
    },
    {
        "code":"51",
        "pinyin":"MiLu",
        "isoCode":"PER",
        "areaName":"पेरू",
        "domainAbbreviation":"PE"
    },
    {
        "code":"597",
        "pinyin":"SuLiNan",
        "isoCode":"SUR",
        "areaName":"सूरीनाम",
        "domainAbbreviation":"SR"
    },
    {
        "code":"58",
        "pinyin":"WeiNeiRuiLa",
        "isoCode":"VEN",
        "areaName":"वेनेज़ुएला",
        "domainAbbreviation":"VE"
    },
    {
        "code":"598",
        "pinyin":"WuLaGui",
        "isoCode":"URY",
        "areaName":"उरुग्वे",
        "domainAbbreviation":"UY"
    },
    {
        "code":"56",
        "pinyin":"ZhiLi",
        "isoCode":"CHL",
        "areaName":"चिली",
        "domainAbbreviation":"CL"
    },
    {
        "code":"355",
        "pinyin":"AErBaNiYa",
        "isoCode":"ALB",
        "areaName":"अल्बानिया",
        "domainAbbreviation":"AL"
    },
    {
        "code":"353",
        "pinyin":"AiErLan",
        "isoCode":"IRL",
        "areaName":"आयरलैंड",
        "domainAbbreviation":"IE"
    },
    {
        "code":"372",
        "pinyin":"AiShaNiYa",
        "isoCode":"EST",
        "areaName":"एस्टोनिया",
        "domainAbbreviation":"EE"
    },
    {
        "code":"376",
        "pinyin":"AnDaoErGongHeGuo",
        "isoCode":"AND",
        "areaName":"अंडोरा",
        "domainAbbreviation":"AD"
    },
    {
        "code":"43",
        "pinyin":"AoDiLi",
        "isoCode":"AUT",
        "areaName":"ऑस्ट्रिया",
        "domainAbbreviation":"AT"
    },
    {
        "code":"35818",
        "pinyin":"AoLanQunDao",
        "isoCode":"ALA",
        "areaName":"एलैंड द्वीप समूह",
        "domainAbbreviation":"AX"
    },
    {
        "code":"375",
        "pinyin":"BaiELuoSi",
        "isoCode":"BLR",
        "areaName":"बेलारूस",
        "domainAbbreviation":"BY"
    },
    {
        "code":"359",
        "pinyin":"BaoJiaLiYa",
        "isoCode":"BGR",
        "areaName":"बुल्गारिया",
        "domainAbbreviation":"BG"
    },
    {
        "code":"32",
        "pinyin":"BiLiShi",
        "isoCode":"BEL",
        "areaName":"बेल्जियम",
        "domainAbbreviation":"BE"
    },
    {
        "code":"354",
        "pinyin":"BingDao",
        "isoCode":"ISL",
        "areaName":"आइसलैंड",
        "domainAbbreviation":"IS"
    },
    {
        "code":"387",
        "pinyin":"BoSiNiYaHeHeiSaiGeWeiNa",
        "isoCode":"BIH",
        "areaName":"बोस्निया और हर्ज़ेगोविना",
        "domainAbbreviation":"BA"
    },
    {
        "code":"48",
        "pinyin":"BoLan",
        "isoCode":"POL",
        "areaName":"पोलैंड",
        "domainAbbreviation":"PL"
    },
    {
        "code":"45",
        "pinyin":"DanMai",
        "isoCode":"DNK",
        "areaName":"डेनमार्क",
        "domainAbbreviation":"DK"
    },
    {
        "code":"49",
        "pinyin":"DeGuo",
        "isoCode":"DEU",
        "areaName":"जर्मनी",
        "domainAbbreviation":"DE"
    },
    {
        "code":"33",
        "pinyin":"FaGuo",
        "isoCode":"FRA",
        "areaName":"फ्रांस",
        "domainAbbreviation":"FR"
    },
    {
        "code":"298",
        "pinyin":"FaLuoQunDao",
        "isoCode":"FRO",
        "areaName":"फ़रो द्वीपसमूह",
        "domainAbbreviation":"FO"
    },
    {
        "code":"358",
        "pinyin":"FenLan",
        "isoCode":"FIN",
        "areaName":"फिनलैंड",
        "domainAbbreviation":"FI"
    },
    {
        "code":"441481",
        "pinyin":"GenXiDao",
        "isoCode":"GGY",
        "areaName":"ग्वेर्नसे",
        "domainAbbreviation":"GG"
    },
    {
        "code":"31",
        "pinyin":"HeLan",
        "isoCode":"NLD",
        "areaName":"नीदरलैंड",
        "domainAbbreviation":"NL"
    },
    {
        "code":"382",
        "pinyin":"HeiShanGongHeGuo",
        "isoCode":"MNE",
        "areaName":"मोंटेनेग्रो",
        "domainAbbreviation":"ME"
    },
    {
        "code":"420",
        "pinyin":"JiKeGongHeGuo",
        "isoCode":"CZE",
        "areaName":"चेक रिपब्लिक",
        "domainAbbreviation":"CZ"
    },
    {
        "code":"385",
        "pinyin":"KeLuoDiYa",
        "isoCode":"HRV",
        "areaName":"क्रोएशिया",
        "domainAbbreviation":"HR"
    },
    {
        "code":"371",
        "pinyin":"LaTuoWeiYa",
        "isoCode":"LVA",
        "areaName":"लातविया",
        "domainAbbreviation":"LV"
    },
    {
        "code":"370",
        "pinyin":"LiTaoWan",
        "isoCode":"LTU",
        "areaName":"लिथुआनिया",
        "domainAbbreviation":"LT"
    },
    {
        "code":"423",
        "pinyin":"LieZhiDunShiDeng",
        "isoCode":"LIE",
        "areaName":"लिकटेंस्टीन",
        "domainAbbreviation":"LI"
    },
    {
        "code":"352",
        "pinyin":"LuSenBao",
        "isoCode":"LUX",
        "areaName":"लक्समबर्ग",
        "domainAbbreviation":"LU"
    },
    {
        "code":"40",
        "pinyin":"LuoMaNiYa",
        "isoCode":"ROU",
        "areaName":"रोमानिया",
        "domainAbbreviation":"RO"
    },
    {
        "code":"441624",
        "pinyin":"MaEnDao",
        "isoCode":"IMN",
        "areaName":"आइल ऑफ़ मैन",
        "domainAbbreviation":"IM"
    },
    {
        "code":"356",
        "pinyin":"MaErTa",
        "isoCode":"MLT",
        "areaName":"माल्टा",
        "domainAbbreviation":"MT"
    },
    {
        "code":"389",
        "pinyin":"MaQiDun",
        "isoCode":"MKD",
        "areaName":"मकदूनिया",
        "domainAbbreviation":"MK"
    },
    {
        "code":"373",
        "pinyin":"MoErDuoWa",
        "isoCode":"MDA",
        "areaName":"मोलदोवा",
        "domainAbbreviation":"MD"
    },
    {
        "code":"377",
        "pinyin":"MoNaGe",
        "isoCode":"MCO",
        "areaName":"मोनाको",
        "domainAbbreviation":"MC"
    },
    {
        "code":"47",
        "pinyin":"NuoWei",
        "isoCode":"NOR",
        "areaName":"नॉर्वे",
        "domainAbbreviation":"NO"
    },
    {
        "code":"351",
        "pinyin":"PUTaoYa",
        "isoCode":"PRT",
        "areaName":"पुर्तगाल",
        "domainAbbreviation":"PT"
    },
    {
        "code":"46",
        "pinyin":"RuiDian",
        "isoCode":"SWE",
        "areaName":"स्वीडन",
        "domainAbbreviation":"SE"
    },
    {
        "code":"41",
        "pinyin":"RuiShi",
        "isoCode":"CHE",
        "areaName":"स्विट्जरलैंड",
        "domainAbbreviation":"CH"
    },
    {
        "code":"381",
        "pinyin":"SaiErWeiYa",
        "isoCode":"SRB",
        "areaName":"सर्बिया",
        "domainAbbreviation":"RS"
    },
    {
        "code":"378",
        "pinyin":"ShengMaLiNuo",
        "isoCode":"SMR",
        "areaName":"सैन मैरिनो",
        "domainAbbreviation":"SM"
    },
    {
        "code":"421",
        "pinyin":"SiLuoFaKe",
        "isoCode":"SVK",
        "areaName":"स्लोवाकिया",
        "domainAbbreviation":"SK"
    },
    {
        "code":"386",
        "pinyin":"SiLuoWenNiYa",
        "isoCode":"SVN",
        "areaName":"स्लोवेनिया",
        "domainAbbreviation":"SI"
    },
    {
        "code":"4779",
        "pinyin":"SiWaErBaQunDaoHeYangMaYanDao",
        "isoCode":"SJM",
        "areaName":"स्वालबार्ड और जान मायेन",
        "domainAbbreviation":"SJ"
    },
    {
        "code":"380",
        "pinyin":"WuKeLan",
        "isoCode":"UKR",
        "areaName":"यूक्रेन",
        "domainAbbreviation":"UA"
    },
    {
        "code":"34",
        "pinyin":"XiBanYa",
        "isoCode":"ESP",
        "areaName":"स्पेन",
        "domainAbbreviation":"ES"
    },
    {
        "code":"30",
        "pinyin":"XiLa",
        "isoCode":"GRC",
        "areaName":"ग्रीस",
        "domainAbbreviation":"GR"
    },
    {
        "code":"36",
        "pinyin":"XiongyaLi",
        "isoCode":"HUN",
        "areaName":"हंगरी",
        "domainAbbreviation":"HU"
    },
    {
        "code":"39",
        "pinyin":"YiDaLi",
        "isoCode":"ITA",
        "areaName":"इटली",
        "domainAbbreviation":"IT"
    },
    {
        "code":"44",
        "pinyin":"YingGuo",
        "isoCode":"GBR",
        "areaName":"यूनाइटेड किंगडम",
        "domainAbbreviation":"GB"
    },
    {
        "code":"441534",
        "pinyin":"ZeXiDao",
        "isoCode":"JEY",
        "areaName":"जर्सी द्वीप",
        "domainAbbreviation":"JE"
    },
    {
        "code":"350",
        "pinyin":"ZhiBuLuoTuo",
        "isoCode":"GIB",
        "areaName":"जिब्राल्टर",
        "domainAbbreviation":"GI"
    },
    {
        "code":"379",
        "pinyin":"FanDiGang",
        "isoCode":"VAT",
        "areaName":"वेटिकन",
        "domainAbbreviation":"VA"
    },
    {
        "code":"93",
        "pinyin":"AFuHan",
        "isoCode":"AFG",
        "areaName":"अफ़ग़ानिस्तान",
        "domainAbbreviation":"AF"
    },
    {
        "code":"54",
        "pinyin":"AGenTing",
        "isoCode":"ARG",
        "areaName":"अर्जेंटीना",
        "domainAbbreviation":"AR"
    },
    {
        "code":"971",
        "pinyin":"ALianQiu",
        "isoCode":"ARE",
        "areaName":"संयुक्त अरब अमीरात",
        "domainAbbreviation":"AE"
    },
    {
        "code":"968",
        "pinyin":"AMan",
        "isoCode":"OMN",
        "areaName":"ओमान",
        "domainAbbreviation":"OM"
    },
    {
        "code":"994",
        "pinyin":"ASaiBaiJiang",
        "isoCode":"AZE",
        "areaName":"अज़रबैजान",
        "domainAbbreviation":"AZ"
    },
    {
        "code":"853",
        "pinyin":"ZhongGuoAoMen",
        "isoCode":"MAC",
        "areaName":"मकाउ",
        "domainAbbreviation":"MO"
    },
    {
        "code":"92",
        "pinyin":"BaJiSiTan",
        "isoCode":"PAK",
        "areaName":"पाकिस्तान",
        "domainAbbreviation":"PK"
    },
    {
        "code":"970",
        "pinyin":"BaLeSiTan",
        "isoCode":"PSE",
        "areaName":"फिलिस्तीन",
        "domainAbbreviation":"PS"
    },
    {
        "code":"973",
        "pinyin":"BaLin",
        "isoCode":"BHR",
        "areaName":"बहरीन",
        "domainAbbreviation":"BH"
    },
    {
        "code":"975",
        "pinyin":"BuDan",
        "isoCode":"BTN",
        "areaName":"भूटान",
        "domainAbbreviation":"BT"
    },
    {
        "code":"850",
        "pinyin":"ChaoXian",
        "isoCode":"PRK",
        "areaName":"उत्तर कोरिया",
        "domainAbbreviation":"KP"
    },
    {
        "code":"670",
        "pinyin":"DongDiWen",
        "isoCode":"TLS",
        "areaName":"पूर्वी तिमोर",
        "domainAbbreviation":"TL"
    },
    {
        "code":"63",
        "pinyin":"FeiLvBin",
        "isoCode":"PHL",
        "areaName":"फिलीपींस",
        "domainAbbreviation":"PH"
    },
    {
        "code":"995",
        "pinyin":"GeLuJiYa",
        "isoCode":"GEO",
        "areaName":"जॉर्जिया",
        "domainAbbreviation":"GE"
    },
    {
        "code":"7",
        "pinyin":"HaSaKeSiTan",
        "isoCode":"KAZ",
        "areaName":"कजाखस्तान",
        "domainAbbreviation":"KZ"
    },
    {
        "code":"82",
        "pinyin":"HanGuo",
        "isoCode":"KOR",
        "areaName":"दक्षिण कोरिया",
        "domainAbbreviation":"KR"
    },
    {
        "code":"996",
        "pinyin":"JiErJiSiSiTan",
        "isoCode":"KGZ",
        "areaName":"किर्गिज़स्तान",
        "domainAbbreviation":"KG"
    },
    {
        "code":"855",
        "pinyin":"JianPuZhai",
        "isoCode":"KHM",
        "areaName":"कंबोडिया",
        "domainAbbreviation":"KH"
    },
    {
        "code":"974",
        "pinyin":"KaTaEr",
        "isoCode":"QAT",
        "areaName":"कतर",
        "domainAbbreviation":"QA"
    },
    {
        "code":"61",
        "pinyin":"KeKeSiQunDao",
        "isoCode":"CCK",
        "areaName":"कोकोस द्वीप समूह",
        "domainAbbreviation":"CC"
    },
    {
        "code":"965",
        "pinyin":"KeWeiTe",
        "isoCode":"KWT",
        "areaName":"कुवैत",
        "domainAbbreviation":"KW"
    },
    {
        "code":"856",
        "pinyin":"LaoWo",
        "isoCode":"LAO",
        "areaName":"लाओस",
        "domainAbbreviation":"LA"
    },
    {
        "code":"961",
        "pinyin":"LiBaNen",
        "isoCode":"LBN",
        "areaName":"लेबनान",
        "domainAbbreviation":"LB"
    },
    {
        "code":"960",
        "pinyin":"MaErDaiFu",
        "isoCode":"MDV",
        "areaName":"मालदीव",
        "domainAbbreviation":"MV"
    },
    {
        "code":"60",
        "pinyin":"MaLaiXiYa",
        "isoCode":"MYS",
        "areaName":"मलेशिया",
        "domainAbbreviation":"MY"
    },
    {
        "code":"976",
        "pinyin":"MengGu",
        "isoCode":"MNG",
        "areaName":"मंगोलिया",
        "domainAbbreviation":"MN"
    },
    {
        "code":"880",
        "pinyin":"MengJiaLaGuo",
        "isoCode":"BGD",
        "areaName":"बांग्लादेश",
        "domainAbbreviation":"BD"
    },
    {
        "code":"95",
        "pinyin":"MianDian",
        "isoCode":"MMR",
        "areaName":"म्यांमार",
        "domainAbbreviation":"MM"
    },
    {
        "code":"977",
        "pinyin":"NiBoEr",
        "isoCode":"NPL",
        "areaName":"नेपाल",
        "domainAbbreviation":"NP"
    },
    {
        "code":"81",
        "pinyin":"RiBen",
        "isoCode":"JPN",
        "areaName":"जापान",
        "domainAbbreviation":"JP"
    },
    {
        "code":"357",
        "pinyin":"SaiPuLuSi",
        "isoCode":"CYP",
        "areaName":"साइप्रस",
        "domainAbbreviation":"CY"
    },
    {
        "code":"966",
        "pinyin":"ShaTeALaBo",
        "isoCode":"SAU",
        "areaName":"सऊदी अरब",
        "domainAbbreviation":"SA"
    },
    {
        "code":"61",
        "pinyin":"ShengDanDao",
        "isoCode":"CXR",
        "areaName":"क्रिसमस द्वीप",
        "domainAbbreviation":"CX"
    },
    {
        "code":"94",
        "pinyin":"SiLiLanKa",
        "isoCode":"LKA",
        "areaName":"श्रीलंका",
        "domainAbbreviation":"LK"
    },
    {
        "code":"992",
        "pinyin":"TaJiKeSiTan",
        "isoCode":"TJK",
        "areaName":"ताजिकिस्तान",
        "domainAbbreviation":"TJ"
    },
    {
        "code":"886",
        "pinyin":"ZhongGuoTaiWan",
        "isoCode":"TWN",
        "areaName":"ताइवान",
        "domainAbbreviation":"TW"
    },
    {
        "code":"66",
        "pinyin":"TaiGuo",
        "isoCode":"THA",
        "areaName":"थाईलैंड",
        "domainAbbreviation":"TH"
    },
    {
        "code":"90",
        "pinyin":"TuErQi",
        "isoCode":"TUR",
        "areaName":"तुर्की",
        "domainAbbreviation":"TR"
    },
    {
        "code":"993",
        "pinyin":"TuKuManSiTan",
        "isoCode":"TKM",
        "areaName":"तुर्कमेनिस्तान",
        "domainAbbreviation":"TM"
    },
    {
        "code":"673",
        "pinyin":"WenLai",
        "isoCode":"BRN",
        "areaName":"ब्रुनेई",
        "domainAbbreviation":"BN"
    },
    {
        "code":"998",
        "pinyin":"WuZiBieKeSiTan",
        "isoCode":"UZB",
        "areaName":"उजबेकिस्तान",
        "domainAbbreviation":"UZ"
    },
    {
        "code":"852",
        "pinyin":"ZhongGuoXiangGang",
        "isoCode":"HKG",
        "areaName":"हांगकांग",
        "domainAbbreviation":"HK"
    },
    {
        "code":"65",
        "pinyin":"XinJiaPo",
        "isoCode":"SGP",
        "areaName":"सिंगापुर",
        "domainAbbreviation":"SG"
    },
    {
        "code":"963",
        "pinyin":"XuLiYa",
        "isoCode":"SYR",
        "areaName":"सीरिया",
        "domainAbbreviation":"SY"
    },
    {
        "code":"374",
        "pinyin":"YaMeiNiYa",
        "isoCode":"ARM",
        "areaName":"आर्मेनिया",
        "domainAbbreviation":"AM"
    },
    {
        "code":"967",
        "pinyin":"YeMen",
        "isoCode":"YEM",
        "areaName":"यमन",
        "domainAbbreviation":"YE"
    },
    {
        "code":"964",
        "pinyin":"YiLaKe",
        "isoCode":"IRQ",
        "areaName":"इराक",
        "domainAbbreviation":"IQ"
    },
    {
        "code":"98",
        "pinyin":"YiLang",
        "isoCode":"IRN",
        "areaName":"ईरान",
        "domainAbbreviation":"IR"
    },
    {
        "code":"972",
        "pinyin":"YiSeLie",
        "isoCode":"ISR",
        "areaName":"इज़राइल",
        "domainAbbreviation":"IL"
    },
    {
        "code":"91",
        "pinyin":"YinDu",
        "isoCode":"IND",
        "areaName":"भारत",
        "domainAbbreviation":"IN"
    },
    {
        "code":"62",
        "pinyin":"YinDuNiXiYa",
        "isoCode":"IDN",
        "areaName":"इंडोनेशिया",
        "domainAbbreviation":"ID"
    },
    {
        "code":"962",
        "pinyin":"YueDan",
        "isoCode":"JOR",
        "areaName":"जॉर्डन",
        "domainAbbreviation":"JO"
    },
    {
        "code":"84",
        "pinyin":"YueNan",
        "isoCode":"VNM",
        "areaName":"वियतनाम",
        "domainAbbreviation":"VN"
    },
    {
        "code":"7",
        "pinyin":"ELuoSi",
        "isoCode":"RUS",
        "areaName":"रूस",
        "domainAbbreviation":"RU"
    },
    {
        "code":"86",
        "pinyin":"ZhongGuoDaLu",
        "isoCode":"CHN",
        "areaName":"चीन",
        "domainAbbreviation":"CN"
    }
]