[
    {
        "code":"297",
        "pinyin":"ALuBa",
        "isoCode":"ABW",
        "areaName":"アルバ",
        "domainAbbreviation":"AW"
    },
    {
        "code":"1264",
        "pinyin":"AnGuiLa",
        "isoCode":"AIA",
        "areaName":"アングィラ",
        "domainAbbreviation":"AI"
    },
    {
        "code":"1268",
        "pinyin":"AnTiGuaHeBaBuDa",
        "isoCode":"ATG",
        "areaName":"アンティグア・バーブーダ",
        "domainAbbreviation":"AG"
    },
    {
        "code":"1246",
        "pinyin":"BaBaDuoSi",
        "isoCode":"BRB",
        "areaName":"バルバドス",
        "domainAbbreviation":"BB"
    },
    {
        "code":"1242",
        "pinyin":"BaHaMa",
        "isoCode":"BHS",
        "areaName":"バハマ",
        "domainAbbreviation":"BS"
    },
    {
        "code":"507",
        "pinyin":"BaNaMa",
        "isoCode":"PAN",
        "areaName":"パナマ",
        "domainAbbreviation":"PA"
    },
    {
        "code":"1441",
        "pinyin":"BaiMuDa",
        "isoCode":"BMU",
        "areaName":"バミューダ諸島",
        "domainAbbreviation":"BM"
    },
    {
        "code":"1787",
        "pinyin":"BoDuoLiGe",
        "isoCode":"PRI",
        "areaName":"プエルトリコ",
        "domainAbbreviation":"PR"
    },
    {
        "code":"501",
        "pinyin":"BoLizi",
        "isoCode":"BLZ",
        "areaName":"ベリーズ",
        "domainAbbreviation":"BZ"
    },
    {
        "code":"1809",
        "pinyin":"DuoMiNiJiaGongHeGuo",
        "isoCode":"DOM",
        "areaName":"ドミニカ共和国",
        "domainAbbreviation":"DO"
    },
    {
        "code":"1767",
        "pinyin":"DuoMiNiKe",
        "isoCode":"DMA",
        "areaName":"ドミニカ",
        "domainAbbreviation":"DM"
    },
    {
        "code":"590",
        "pinyin":"ShengMaDing",
        "isoCode":"MAF",
        "areaName":"セント・マーチン島",
        "domainAbbreviation":"MF"
    },
    {
        "code":"506",
        "pinyin":"GeSiDaLiJia",
        "isoCode":"CRI",
        "areaName":"コスタリカ",
        "domainAbbreviation":"CR"
    },
    {
        "code":"1473",
        "pinyin":"GeLinNaDa",
        "isoCode":"GRD",
        "areaName":"グレナダ",
        "domainAbbreviation":"GD"
    },
    {
        "code":"299",
        "pinyin":"GeLingLan",
        "isoCode":"GRL",
        "areaName":"グリーンランド",
        "domainAbbreviation":"GL"
    },
    {
        "code":"53",
        "pinyin":"GuBa",
        "isoCode":"CUB",
        "areaName":"キューバ",
        "domainAbbreviation":"CU"
    },
    {
        "code":"590",
        "pinyin":"GuaDeLuoPu",
        "isoCode":"GLP",
        "areaName":"グアドループ",
        "domainAbbreviation":"GP"
    },
    {
        "code":"509",
        "pinyin":"HaiDi",
        "isoCode":"HTI",
        "areaName":"ハイチ",
        "domainAbbreviation":"HT"
    },
    {
        "code":"599",
        "pinyin":"HeLanJiaLeBiQu",
        "isoCode":"BES",
        "areaName":"オランダ領カリブ",
        "domainAbbreviation":"BQ"
    },
    {
        "code":"1721",
        "pinyin":"HeShuShengMaDing",
        "isoCode":"SXM",
        "areaName":"オランダ領シント・マールテン",
        "domainAbbreviation":"SX"
    },
    {
        "code":"504",
        "pinyin":"HongDuLaSi",
        "isoCode":"HND",
        "areaName":"ホンジュラス",
        "domainAbbreviation":"HN"
    },
    {
        "code":"1",
        "pinyin":"JiaNaDa",
        "isoCode":"CAN",
        "areaName":"カナダ",
        "domainAbbreviation":"CA"
    },
    {
        "code":"1345",
        "pinyin":"KaiManQunDao",
        "isoCode":"CYM",
        "areaName":"ケイマン諸島",
        "domainAbbreviation":"KY"
    },
    {
        "code":"599",
        "pinyin":"KuLaSuoDao",
        "isoCode":"CUW",
        "areaName":"キュラソー",
        "domainAbbreviation":"CW"
    },
    {
        "code":"596",
        "pinyin":"MaTiNiKe",
        "isoCode":"MTQ",
        "areaName":"マルティニーク",
        "domainAbbreviation":"MQ"
    },
    {
        "code":"1",
        "pinyin":"MeiGuo",
        "isoCode":"USA",
        "areaName":"アメリカ合衆国",
        "domainAbbreviation":"US"
    },
    {
        "code":"246",
        "pinyin":"MeiGuoBenTuWaiXiaoDaoYu",
        "isoCode":"UMI",
        "areaName":"合衆国領有小離島",
        "domainAbbreviation":"UM"
    },
    {
        "code":"1340",
        "pinyin":"MeiShuWeiErJingQunDao",
        "isoCode":"VIR",
        "areaName":"アメリカ領ヴァージン諸島",
        "domainAbbreviation":"VI"
    },
    {
        "code":"1664",
        "pinyin":"MengSaiLaTeDao",
        "isoCode":"MSR",
        "areaName":"モントセラト",
        "domainAbbreviation":"MS"
    },
    {
        "code":"52",
        "pinyin":"MoXiGe",
        "isoCode":"MEX",
        "areaName":"メキシコ",
        "domainAbbreviation":"MX"
    },
    {
        "code":"505",
        "pinyin":"NiJiaLaGua",
        "isoCode":"NIC",
        "areaName":"ニカラグア",
        "domainAbbreviation":"NI"
    },
    {
        "code":"503",
        "pinyin":"SaErWaDuo",
        "isoCode":"SLV",
        "areaName":"エルサルバドル",
        "domainAbbreviation":"SV"
    },
    {
        "code":"590",
        "pinyin":"ShengBaTaiLeMiDao",
        "isoCode":"BLM",
        "areaName":"サン・バルテルミー島",
        "domainAbbreviation":"BL"
    },
    {
        "code":"1869",
        "pinyin":"ShengJiCiHeNiWeiSi",
        "isoCode":"KNA",
        "areaName":"セントキッツ・ネイビス",
        "domainAbbreviation":"KN"
    },
    {
        "code":"1758",
        "pinyin":"ShengLuXiYa",
        "isoCode":"LCA",
        "areaName":"セントルシア",
        "domainAbbreviation":"LC"
    },
    {
        "code":"508",
        "pinyin":"ShengPiAiErHeMiKeLong",
        "isoCode":"SPM",
        "areaName":"サンピエール島・ミクロン島",
        "domainAbbreviation":"PM"
    },
    {
        "code":"1784",
        "pinyin":"ShengWenSenTeHeGeLinNaDingSi",
        "isoCode":"VCT",
        "areaName":"セントビンセント・グレナディーン",
        "domainAbbreviation":"VC"
    },
    {
        "code":"1649",
        "pinyin":"TeKeSiHeKaiKeSiQunDao",
        "isoCode":"TCA",
        "areaName":"タークス・カイコス諸島",
        "domainAbbreviation":"TC"
    },
    {
        "code":"1868",
        "pinyin":"TeLiNiDaHeDuoBaGe",
        "isoCode":"TTO",
        "areaName":"トリニダード・トバゴ",
        "domainAbbreviation":"TT"
    },
    {
        "code":"502",
        "pinyin":"WeiDiMaLa",
        "isoCode":"GTM",
        "areaName":"グアテマラ",
        "domainAbbreviation":"GT"
    },
    {
        "code":"1876",
        "pinyin":"YaMaiJia",
        "isoCode":"JAM",
        "areaName":"ジャマイカ",
        "domainAbbreviation":"JM"
    },
    {
        "code":"1284",
        "pinyin":"YingShuWeiErJingQunDao",
        "isoCode":"VGB",
        "areaName":"英領バージン諸島",
        "domainAbbreviation":"VG"
    },
    {
        "code":"61",
        "pinyin":"AoDaLiYa",
        "isoCode":"AUS",
        "areaName":"オーストラリア",
        "domainAbbreviation":"AU"
    },
    {
        "code":"675",
        "pinyin":"BaBuYaXinJiNeiYa",
        "isoCode":"PNG",
        "areaName":"パプアニューギニア",
        "domainAbbreviation":"PG"
    },
    {
        "code":"1670",
        "pinyin":"BeiMaLiYaNaQunDao",
        "isoCode":"MNP",
        "areaName":"北マリアナ諸島",
        "domainAbbreviation":"MP"
    },
    {
        "code":"689",
        "pinyin":"FaShuBoLiNiXiYa",
        "isoCode":"PYF",
        "areaName":"フランス領ポリネシア",
        "domainAbbreviation":"PF"
    },
    {
        "code":"1671",
        "pinyin":"GuanDao",
        "isoCode":"GUM",
        "areaName":"グアム",
        "domainAbbreviation":"GU"
    },
    {
        "code":"686",
        "pinyin":"JiLiBaSi",
        "isoCode":"KIR",
        "areaName":"キリバス",
        "domainAbbreviation":"KI"
    },
    {
        "code":"682",
        "pinyin":"KuKeQunDao",
        "isoCode":"COK",
        "areaName":"クック諸島",
        "domainAbbreviation":"CK"
    },
    {
        "code":"692",
        "pinyin":"MaShaoErQunDao",
        "isoCode":"MHL",
        "areaName":"マーシャル諸島",
        "domainAbbreviation":"MH"
    },
    {
        "code":"1684",
        "pinyin":"MeiShuSaMoYa",
        "isoCode":"ASM",
        "areaName":"アメリカ領サモア",
        "domainAbbreviation":"AS"
    },
    {
        "code":"691",
        "pinyin":"MiKeLuoNiXiYaLianBang",
        "isoCode":"FSM",
        "areaName":"ミクロネシア連邦",
        "domainAbbreviation":"FM"
    },
    {
        "code":"683",
        "pinyin":"NiuAi",
        "isoCode":"NIU",
        "areaName":"ニウエ",
        "domainAbbreviation":"NU"
    },
    {
        "code":"672",
        "pinyin":"NuoFuKeDao",
        "isoCode":"NFK",
        "areaName":"ノーフォーク島",
        "domainAbbreviation":"NF"
    },
    {
        "code":"680",
        "pinyin":"PaLao",
        "isoCode":"PLW",
        "areaName":"パラオ",
        "domainAbbreviation":"PW"
    },
    {
        "code":"64",
        "pinyin":"PiTeKaiEnQunDao",
        "isoCode":"PCN",
        "areaName":"ピトケアン諸島",
        "domainAbbreviation":"PN"
    },
    {
        "code":"685",
        "pinyin":"SaMoYa",
        "isoCode":"WSM",
        "areaName":"サモア",
        "domainAbbreviation":"WS"
    },
    {
        "code":"677",
        "pinyin":"SuoLuoMenQunDao",
        "isoCode":"SLB",
        "areaName":"ソロモン諸島",
        "domainAbbreviation":"SB"
    },
    {
        "code":"676",
        "pinyin":"TangJia",
        "isoCode":"TON",
        "areaName":"トンガ",
        "domainAbbreviation":"TO"
    },
    {
        "code":"688",
        "pinyin":"TuWaLu",
        "isoCode":"TUV",
        "areaName":"ツバル",
        "domainAbbreviation":"TV"
    },
    {
        "code":"690",
        "pinyin":"TuoKeLao",
        "isoCode":"TKL",
        "areaName":"トケラウ",
        "domainAbbreviation":"TK"
    },
    {
        "code":"681",
        "pinyin":"WaLiSiHeFuTuNa",
        "isoCode":"WLF",
        "areaName":"ウォリス・フツナ",
        "domainAbbreviation":"WF"
    },
    {
        "code":"678",
        "pinyin":"WaNuATu",
        "isoCode":"VUT",
        "areaName":"バヌアツ",
        "domainAbbreviation":"VU"
    },
    {
        "code":"687",
        "pinyin":"XinKaLiDuoNiYa",
        "isoCode":"NCL",
        "areaName":"ニューカレドニア",
        "domainAbbreviation":"NC"
    },
    {
        "code":"64",
        "pinyin":"XinXiLan",
        "isoCode":"NZL",
        "areaName":"ニュージーランド",
        "domainAbbreviation":"NZ"
    },
    {
        "code":"674",
        "pinyin":"NaoLu",
        "isoCode":"NRU",
        "areaName":"ナウル",
        "domainAbbreviation":"NR"
    },
    {
        "code":"679",
        "pinyin":"FeiJiQunDao",
        "isoCode":"FJI",
        "areaName":"フィジー諸島",
        "domainAbbreviation":"FJ"
    },
    {
        "code":"213",
        "pinyin":"AErJiLiYa",
        "isoCode":"DZA",
        "areaName":"アルジェリア",
        "domainAbbreviation":"DZ"
    },
    {
        "code":"20",
        "pinyin":"AiJi",
        "isoCode":"EGY",
        "areaName":"エジプト",
        "domainAbbreviation":"EG"
    },
    {
        "code":"251",
        "pinyin":"AiSaiEBiYa",
        "isoCode":"ETH",
        "areaName":"エチオピア",
        "domainAbbreviation":"ET"
    },
    {
        "code":"244",
        "pinyin":"AnGeLa",
        "isoCode":"AGO",
        "areaName":"アンゴラ",
        "domainAbbreviation":"AO"
    },
    {
        "code":"229",
        "pinyin":"BeiNing",
        "isoCode":"BEN",
        "areaName":"ベナン",
        "domainAbbreviation":"BJ"
    },
    {
        "code":"267",
        "pinyin":"BoCiWaNa",
        "isoCode":"BWA",
        "areaName":"ボツワナ",
        "domainAbbreviation":"BW"
    },
    {
        "code":"226",
        "pinyin":"BuJiNaFaSuo",
        "isoCode":"BFA",
        "areaName":"ブルキナファソ",
        "domainAbbreviation":"BF"
    },
    {
        "code":"257",
        "pinyin":"BuLongDi",
        "isoCode":"BDI",
        "areaName":"ブルンジ",
        "domainAbbreviation":"BI"
    },
    {
        "code":"240",
        "pinyin":"ChiDaoJiNeiYa",
        "isoCode":"GNQ",
        "areaName":"赤道ギニア",
        "domainAbbreviation":"GQ"
    },
    {
        "code":"228",
        "pinyin":"DuoGe",
        "isoCode":"TGO",
        "areaName":"トーゴ",
        "domainAbbreviation":"TG"
    },
    {
        "code":"291",
        "pinyin":"ELiTeLiYa",
        "isoCode":"ERI",
        "areaName":"エリトリア",
        "domainAbbreviation":"ER"
    },
    {
        "code":"238",
        "pinyin":"FoDeJiao",
        "isoCode":"CPV",
        "areaName":"カーポベルデ",
        "domainAbbreviation":"CV"
    },
    {
        "code":"220",
        "pinyin":"GangBiYa",
        "isoCode":"GMB",
        "areaName":"ガンビア",
        "domainAbbreviation":"GM"
    },
    {
        "code":"242",
        "pinyin":"GangGuo(Bu)",
        "isoCode":"COG",
        "areaName":"コンゴ共和国",
        "domainAbbreviation":"CG"
    },
    {
        "code":"243",
        "pinyin":"GangGuo(Jin)",
        "isoCode":"COD",
        "areaName":"コンゴ民主共和国",
        "domainAbbreviation":"CD"
    },
    {
        "code":"253",
        "pinyin":"JiBuTi",
        "isoCode":"DJI",
        "areaName":"ジブチ",
        "domainAbbreviation":"DJ"
    },
    {
        "code":"224",
        "pinyin":"JiNeiYa",
        "isoCode":"GIN",
        "areaName":"ギニア",
        "domainAbbreviation":"GN"
    },
    {
        "code":"245",
        "pinyin":"JiNeiYaBiShao",
        "isoCode":"GNB",
        "areaName":"ギニアビサウ",
        "domainAbbreviation":"GW"
    },
    {
        "code":"233",
        "pinyin":"JiaNa",
        "isoCode":"GHA",
        "areaName":"ガーナ",
        "domainAbbreviation":"GH"
    },
    {
        "code":"241",
        "pinyin":"JiaPeng",
        "isoCode":"GAB",
        "areaName":"ガボン",
        "domainAbbreviation":"GA"
    },
    {
        "code":"263",
        "pinyin":"JinBaBuWei",
        "isoCode":"ZWE",
        "areaName":"ジンバブエ",
        "domainAbbreviation":"ZW"
    },
    {
        "code":"237",
        "pinyin":"KaMaiLong",
        "isoCode":"CMR",
        "areaName":"カメルーン",
        "domainAbbreviation":"CM"
    },
    {
        "code":"269",
        "pinyin":"KeMoLuo",
        "isoCode":"COM",
        "areaName":"コモロ",
        "domainAbbreviation":"KM"
    },
    {
        "code":"225",
        "pinyin":"KeTeDiWa",
        "isoCode":"CIV",
        "areaName":"コートジボワール",
        "domainAbbreviation":"CI"
    },
    {
        "code":"254",
        "pinyin":"KenNiYa",
        "isoCode":"KEN",
        "areaName":"ケニア",
        "domainAbbreviation":"KE"
    },
    {
        "code":"266",
        "pinyin":"LaiSuoTuo",
        "isoCode":"LSO",
        "areaName":"レソト",
        "domainAbbreviation":"LS"
    },
    {
        "code":"231",
        "pinyin":"LiBiLiYa",
        "isoCode":"LBR",
        "areaName":"リベリア",
        "domainAbbreviation":"LR"
    },
    {
        "code":"218",
        "pinyin":"LiBiYa",
        "isoCode":"LBY",
        "areaName":"リビア",
        "domainAbbreviation":"LY"
    },
    {
        "code":"262",
        "pinyin":"LiuNiWang",
        "isoCode":"REU",
        "areaName":"レユニオン",
        "domainAbbreviation":"RE"
    },
    {
        "code":"250",
        "pinyin":"LuWangDa",
        "isoCode":"RWA",
        "areaName":"ルワンダ",
        "domainAbbreviation":"RW"
    },
    {
        "code":"261",
        "pinyin":"MaDaJiaSiJia",
        "isoCode":"MDG",
        "areaName":"マダガスカル",
        "domainAbbreviation":"MG"
    },
    {
        "code":"265",
        "pinyin":"MaLaWei",
        "isoCode":"MWI",
        "areaName":"マラウイ",
        "domainAbbreviation":"MW"
    },
    {
        "code":"223",
        "pinyin":"MaLi",
        "isoCode":"MLI",
        "areaName":"マリ",
        "domainAbbreviation":"ML"
    },
    {
        "code":"262",
        "pinyin":"MaYueTe",
        "isoCode":"MYT",
        "areaName":"マヨット",
        "domainAbbreviation":"YT"
    },
    {
        "code":"230",
        "pinyin":"MaoLiQiuSi",
        "isoCode":"MUS",
        "areaName":"モーリシャス",
        "domainAbbreviation":"MU"
    },
    {
        "code":"222",
        "pinyin":"MaoLiTaNiYa",
        "isoCode":"MRT",
        "areaName":"モーリタニア",
        "domainAbbreviation":"MR"
    },
    {
        "code":"212",
        "pinyin":"MoLuoGe",
        "isoCode":"MAR",
        "areaName":"モロッコ",
        "domainAbbreviation":"MA"
    },
    {
        "code":"258",
        "pinyin":"MoSangBiKe",
        "isoCode":"MOZ",
        "areaName":"モザンビーク",
        "domainAbbreviation":"MZ"
    },
    {
        "code":"264",
        "pinyin":"NaMiBiYa",
        "isoCode":"NAM",
        "areaName":"ナミビア",
        "domainAbbreviation":"NA"
    },
    {
        "code":"27",
        "pinyin":"NanFei",
        "isoCode":"ZAF",
        "areaName":"南アフリカ",
        "domainAbbreviation":"ZA"
    },
    {
        "code":"211",
        "pinyin":"NanSuDan",
        "isoCode":"SSD",
        "areaName":"南スーダン",
        "domainAbbreviation":"SS"
    },
    {
        "code":"227",
        "pinyin":"NiRiEr",
        "isoCode":"NER",
        "areaName":"ニジェール",
        "domainAbbreviation":"NE"
    },
    {
        "code":"234",
        "pinyin":"NiRiLiYa",
        "isoCode":"NGA",
        "areaName":"ナイジェリア",
        "domainAbbreviation":"NG"
    },
    {
        "code":"232",
        "pinyin":"SaiLaLiAng",
        "isoCode":"SLE",
        "areaName":"シエラレオネ",
        "domainAbbreviation":"SL"
    },
    {
        "code":"221",
        "pinyin":"SaiNeiJiaEr",
        "isoCode":"SEN",
        "areaName":"セネガル",
        "domainAbbreviation":"SN"
    },
    {
        "code":"248",
        "pinyin":"SaiSheEr",
        "isoCode":"SYC",
        "areaName":"セーシェル",
        "domainAbbreviation":"SC"
    },
    {
        "code":"239",
        "pinyin":"ShengDuoMeiHePuLinXiBi",
        "isoCode":"STP",
        "areaName":"サントメ・プリンシペ",
        "domainAbbreviation":"ST"
    },
    {
        "code":"290",
        "pinyin":"ShengHeLeNa",
        "isoCode":"SHN",
        "areaName":"セントヘレナ",
        "domainAbbreviation":"SH"
    },
    {
        "code":"268",
        "pinyin":"SiWeiShiLan",
        "isoCode":"SWZ",
        "areaName":"スワジランド",
        "domainAbbreviation":"SZ"
    },
    {
        "code":"249",
        "pinyin":"SuDan",
        "isoCode":"SDN",
        "areaName":"スーダン",
        "domainAbbreviation":"SD"
    },
    {
        "code":"252",
        "pinyin":"SuoMaLi",
        "isoCode":"SOM",
        "areaName":"ソマリア",
        "domainAbbreviation":"SO"
    },
    {
        "code":"255",
        "pinyin":"TanSangNiYa",
        "isoCode":"TZA",
        "areaName":"タンザニア",
        "domainAbbreviation":"TZ"
    },
    {
        "code":"216",
        "pinyin":"TuNiSi",
        "isoCode":"TUN",
        "areaName":"チュニジア",
        "domainAbbreviation":"TN"
    },
    {
        "code":"256",
        "pinyin":"WuGanDa",
        "isoCode":"UGA",
        "areaName":"ウガンダ",
        "domainAbbreviation":"UG"
    },
    {
        "code":"212",
        "pinyin":"XiSaHaLa",
        "isoCode":"ESH",
        "areaName":"西サハラ",
        "domainAbbreviation":"EH"
    },
    {
        "code":"246",
        "pinyin":"YingShuYinDuYangLingDi",
        "isoCode":"IOT",
        "areaName":"イギリス領インド洋地域",
        "domainAbbreviation":"IO"
    },
    {
        "code":"260",
        "pinyin":"ZanBiYa",
        "isoCode":"ZMB",
        "areaName":"ザンビア",
        "domainAbbreviation":"ZM"
    },
    {
        "code":"235",
        "pinyin":"ZhaDe",
        "isoCode":"TCD",
        "areaName":"チャド",
        "domainAbbreviation":"TD"
    },
    {
        "code":"236",
        "pinyin":"ZhongFei",
        "isoCode":"CAF",
        "areaName":"中央アフリカ共和国",
        "domainAbbreviation":"CF"
    },
    {
        "code":"47",
        "pinyin":"BuWeiDao",
        "isoCode":"BVT",
        "areaName":"ブーベ島",
        "domainAbbreviation":"BV"
    },
    {
        "code":"33",
        "pinyin":"FaShuNanBuLingDi",
        "isoCode":"ATF",
        "areaName":"フランス領南方・南極地域",
        "domainAbbreviation":"TF"
    },
    {
        "code":"672",
        "pinyin":"HeDeDaoHeMaiKeTangNaQunDao",
        "isoCode":"HMD",
        "areaName":"ハード島とマクドナルド諸島",
        "domainAbbreviation":"HM"
    },
    {
        "code":"672",
        "pinyin":"NanJiZhou",
        "isoCode":"ATA",
        "areaName":"南極",
        "domainAbbreviation":"AQ"
    },
    {
        "code":"500",
        "pinyin":"NanQiaoZhiYaDaoHeNanSangWeiQiQunDao",
        "isoCode":"SGS",
        "areaName":"サウスジョージア・サウスサンドウィッチ諸島",
        "domainAbbreviation":"GS"
    },
    {
        "code":"595",
        "pinyin":"BaLaGui",
        "isoCode":"PRY",
        "areaName":"パラグアイ",
        "domainAbbreviation":"PY"
    },
    {
        "code":"55",
        "pinyin":"BaXi",
        "isoCode":"BRA",
        "areaName":"ブラジル",
        "domainAbbreviation":"BR"
    },
    {
        "code":"591",
        "pinyin":"BoLiWeiYa",
        "isoCode":"BOL",
        "areaName":"ボリビア",
        "domainAbbreviation":"BO"
    },
    {
        "code":"593",
        "pinyin":"EGuaDuoEr",
        "isoCode":"ECU",
        "areaName":"エクアドル",
        "domainAbbreviation":"EC"
    },
    {
        "code":"594",
        "pinyin":"FaShuGuiYaNa",
        "isoCode":"GUF",
        "areaName":"フランス領ギアナ",
        "domainAbbreviation":"GF"
    },
    {
        "code":"57",
        "pinyin":"GeLunBiYa",
        "isoCode":"COL",
        "areaName":"コロンビア",
        "domainAbbreviation":"CO"
    },
    {
        "code":"592",
        "pinyin":"GuiYaNa",
        "isoCode":"GUY",
        "areaName":"ガイアナ",
        "domainAbbreviation":"GY"
    },
    {
        "code":"500",
        "pinyin":"MaErWeiNaSiQunDao(FuKeLan)",
        "isoCode":"FLK",
        "areaName":"マルビナス諸島 (フォークランド)",
        "domainAbbreviation":"FK"
    },
    {
        "code":"51",
        "pinyin":"MiLu",
        "isoCode":"PER",
        "areaName":"ペルー",
        "domainAbbreviation":"PE"
    },
    {
        "code":"597",
        "pinyin":"SuLiNan",
        "isoCode":"SUR",
        "areaName":"スリナム",
        "domainAbbreviation":"SR"
    },
    {
        "code":"58",
        "pinyin":"WeiNeiRuiLa",
        "isoCode":"VEN",
        "areaName":"ベネズエラ",
        "domainAbbreviation":"VE"
    },
    {
        "code":"598",
        "pinyin":"WuLaGui",
        "isoCode":"URY",
        "areaName":"ウルグアイ",
        "domainAbbreviation":"UY"
    },
    {
        "code":"56",
        "pinyin":"ZhiLi",
        "isoCode":"CHL",
        "areaName":"チリ",
        "domainAbbreviation":"CL"
    },
    {
        "code":"355",
        "pinyin":"AErBaNiYa",
        "isoCode":"ALB",
        "areaName":"アルバニア",
        "domainAbbreviation":"AL"
    },
    {
        "code":"353",
        "pinyin":"AiErLan",
        "isoCode":"IRL",
        "areaName":"アイルランド",
        "domainAbbreviation":"IE"
    },
    {
        "code":"372",
        "pinyin":"AiShaNiYa",
        "isoCode":"EST",
        "areaName":"エストニア",
        "domainAbbreviation":"EE"
    },
    {
        "code":"376",
        "pinyin":"AnDaoErGongHeGuo",
        "isoCode":"AND",
        "areaName":"アンドラ",
        "domainAbbreviation":"AD"
    },
    {
        "code":"43",
        "pinyin":"AoDiLi",
        "isoCode":"AUT",
        "areaName":"オーストリア",
        "domainAbbreviation":"AT"
    },
    {
        "code":"35818",
        "pinyin":"AoLanQunDao",
        "isoCode":"ALA",
        "areaName":"オーランド諸島",
        "domainAbbreviation":"AX"
    },
    {
        "code":"375",
        "pinyin":"BaiELuoSi",
        "isoCode":"BLR",
        "areaName":"ベラルーシ",
        "domainAbbreviation":"BY"
    },
    {
        "code":"359",
        "pinyin":"BaoJiaLiYa",
        "isoCode":"BGR",
        "areaName":"ブルガリア",
        "domainAbbreviation":"BG"
    },
    {
        "code":"32",
        "pinyin":"BiLiShi",
        "isoCode":"BEL",
        "areaName":"ベルギー",
        "domainAbbreviation":"BE"
    },
    {
        "code":"354",
        "pinyin":"BingDao",
        "isoCode":"ISL",
        "areaName":"アイスランド",
        "domainAbbreviation":"IS"
    },
    {
        "code":"387",
        "pinyin":"BoSiNiYaHeHeiSaiGeWeiNa",
        "isoCode":"BIH",
        "areaName":"ボスニア・ヘルツェゴビナ",
        "domainAbbreviation":"BA"
    },
    {
        "code":"48",
        "pinyin":"BoLan",
        "isoCode":"POL",
        "areaName":"ポーランド",
        "domainAbbreviation":"PL"
    },
    {
        "code":"45",
        "pinyin":"DanMai",
        "isoCode":"DNK",
        "areaName":"デンマーク",
        "domainAbbreviation":"DK"
    },
    {
        "code":"49",
        "pinyin":"DeGuo",
        "isoCode":"DEU",
        "areaName":"ドイツ",
        "domainAbbreviation":"DE"
    },
    {
        "code":"33",
        "pinyin":"FaGuo",
        "isoCode":"FRA",
        "areaName":"フランス",
        "domainAbbreviation":"FR"
    },
    {
        "code":"298",
        "pinyin":"FaLuoQunDao",
        "isoCode":"FRO",
        "areaName":"フェロー諸島",
        "domainAbbreviation":"FO"
    },
    {
        "code":"358",
        "pinyin":"FenLan",
        "isoCode":"FIN",
        "areaName":"フィンランド",
        "domainAbbreviation":"FI"
    },
    {
        "code":"441481",
        "pinyin":"GenXiDao",
        "isoCode":"GGY",
        "areaName":"ガーンジー",
        "domainAbbreviation":"GG"
    },
    {
        "code":"31",
        "pinyin":"HeLan",
        "isoCode":"NLD",
        "areaName":"オランダ",
        "domainAbbreviation":"NL"
    },
    {
        "code":"382",
        "pinyin":"HeiShanGongHeGuo",
        "isoCode":"MNE",
        "areaName":"モンテネグロ",
        "domainAbbreviation":"ME"
    },
    {
        "code":"420",
        "pinyin":"JiKeGongHeGuo",
        "isoCode":"CZE",
        "areaName":"チェコ共和国",
        "domainAbbreviation":"CZ"
    },
    {
        "code":"385",
        "pinyin":"KeLuoDiYa",
        "isoCode":"HRV",
        "areaName":"クロアチア",
        "domainAbbreviation":"HR"
    },
    {
        "code":"371",
        "pinyin":"LaTuoWeiYa",
        "isoCode":"LVA",
        "areaName":"ラトビア",
        "domainAbbreviation":"LV"
    },
    {
        "code":"370",
        "pinyin":"LiTaoWan",
        "isoCode":"LTU",
        "areaName":"リトアニア",
        "domainAbbreviation":"LT"
    },
    {
        "code":"423",
        "pinyin":"LieZhiDunShiDeng",
        "isoCode":"LIE",
        "areaName":"リヒテンシュタイン",
        "domainAbbreviation":"LI"
    },
    {
        "code":"352",
        "pinyin":"LuSenBao",
        "isoCode":"LUX",
        "areaName":"ルクセンブルグ",
        "domainAbbreviation":"LU"
    },
    {
        "code":"40",
        "pinyin":"LuoMaNiYa",
        "isoCode":"ROU",
        "areaName":"ルーマニア",
        "domainAbbreviation":"RO"
    },
    {
        "code":"441624",
        "pinyin":"MaEnDao",
        "isoCode":"IMN",
        "areaName":"マン島",
        "domainAbbreviation":"IM"
    },
    {
        "code":"356",
        "pinyin":"MaErTa",
        "isoCode":"MLT",
        "areaName":"マルタ",
        "domainAbbreviation":"MT"
    },
    {
        "code":"389",
        "pinyin":"MaQiDun",
        "isoCode":"MKD",
        "areaName":"マケドニア",
        "domainAbbreviation":"MK"
    },
    {
        "code":"373",
        "pinyin":"MoErDuoWa",
        "isoCode":"MDA",
        "areaName":"モルドバ",
        "domainAbbreviation":"MD"
    },
    {
        "code":"377",
        "pinyin":"MoNaGe",
        "isoCode":"MCO",
        "areaName":"モナコ",
        "domainAbbreviation":"MC"
    },
    {
        "code":"47",
        "pinyin":"NuoWei",
        "isoCode":"NOR",
        "areaName":"ノルウェー",
        "domainAbbreviation":"NO"
    },
    {
        "code":"351",
        "pinyin":"PUTaoYa",
        "isoCode":"PRT",
        "areaName":"ポルトガル",
        "domainAbbreviation":"PT"
    },
    {
        "code":"46",
        "pinyin":"RuiDian",
        "isoCode":"SWE",
        "areaName":"スウェーデン",
        "domainAbbreviation":"SE"
    },
    {
        "code":"41",
        "pinyin":"RuiShi",
        "isoCode":"CHE",
        "areaName":"スイス",
        "domainAbbreviation":"CH"
    },
    {
        "code":"381",
        "pinyin":"SaiErWeiYa",
        "isoCode":"SRB",
        "areaName":"セルビア",
        "domainAbbreviation":"RS"
    },
    {
        "code":"378",
        "pinyin":"ShengMaLiNuo",
        "isoCode":"SMR",
        "areaName":"サン・マリノ",
        "domainAbbreviation":"SM"
    },
    {
        "code":"421",
        "pinyin":"SiLuoFaKe",
        "isoCode":"SVK",
        "areaName":"スロバキア",
        "domainAbbreviation":"SK"
    },
    {
        "code":"386",
        "pinyin":"SiLuoWenNiYa",
        "isoCode":"SVN",
        "areaName":"スロベニア",
        "domainAbbreviation":"SI"
    },
    {
        "code":"4779",
        "pinyin":"SiWaErBaQunDaoHeYangMaYanDao",
        "isoCode":"SJM",
        "areaName":"スヴァールバル諸島およびヤンマイエン島",
        "domainAbbreviation":"SJ"
    },
    {
        "code":"380",
        "pinyin":"WuKeLan",
        "isoCode":"UKR",
        "areaName":"ウクライナ",
        "domainAbbreviation":"UA"
    },
    {
        "code":"34",
        "pinyin":"XiBanYa",
        "isoCode":"ESP",
        "areaName":"スペイン",
        "domainAbbreviation":"ES"
    },
    {
        "code":"30",
        "pinyin":"XiLa",
        "isoCode":"GRC",
        "areaName":"ギリシャ",
        "domainAbbreviation":"GR"
    },
    {
        "code":"36",
        "pinyin":"XiongyaLi",
        "isoCode":"HUN",
        "areaName":"ハンガリー",
        "domainAbbreviation":"HU"
    },
    {
        "code":"39",
        "pinyin":"YiDaLi",
        "isoCode":"ITA",
        "areaName":"イタリア",
        "domainAbbreviation":"IT"
    },
    {
        "code":"44",
        "pinyin":"YingGuo",
        "isoCode":"GBR",
        "areaName":"英国",
        "domainAbbreviation":"GB"
    },
    {
        "code":"441534",
        "pinyin":"ZeXiDao",
        "isoCode":"JEY",
        "areaName":"ジャージー島",
        "domainAbbreviation":"JE"
    },
    {
        "code":"350",
        "pinyin":"ZhiBuLuoTuo",
        "isoCode":"GIB",
        "areaName":"ジブラルタル",
        "domainAbbreviation":"GI"
    },
    {
        "code":"379",
        "pinyin":"FanDiGang",
        "isoCode":"VAT",
        "areaName":"ヴァチカン",
        "domainAbbreviation":"VA"
    },
    {
        "code":"93",
        "pinyin":"AFuHan",
        "isoCode":"AFG",
        "areaName":"アフガニスタン",
        "domainAbbreviation":"AF"
    },
    {
        "code":"54",
        "pinyin":"AGenTing",
        "isoCode":"ARG",
        "areaName":"アルゼンチン",
        "domainAbbreviation":"AR"
    },
    {
        "code":"971",
        "pinyin":"ALianQiu",
        "isoCode":"ARE",
        "areaName":"アラブ首長国連邦",
        "domainAbbreviation":"AE"
    },
    {
        "code":"968",
        "pinyin":"AMan",
        "isoCode":"OMN",
        "areaName":"オマーン",
        "domainAbbreviation":"OM"
    },
    {
        "code":"994",
        "pinyin":"ASaiBaiJiang",
        "isoCode":"AZE",
        "areaName":"アゼルバイジャン",
        "domainAbbreviation":"AZ"
    },
    {
        "code":"853",
        "pinyin":"ZhongGuoAoMen",
        "isoCode":"MAC",
        "areaName":"マカオ",
        "domainAbbreviation":"MO"
    },
    {
        "code":"92",
        "pinyin":"BaJiSiTan",
        "isoCode":"PAK",
        "areaName":"パキスタン",
        "domainAbbreviation":"PK"
    },
    {
        "code":"970",
        "pinyin":"BaLeSiTan",
        "isoCode":"PSE",
        "areaName":"パレスチナ",
        "domainAbbreviation":"PS"
    },
    {
        "code":"973",
        "pinyin":"BaLin",
        "isoCode":"BHR",
        "areaName":"バーレーン",
        "domainAbbreviation":"BH"
    },
    {
        "code":"975",
        "pinyin":"BuDan",
        "isoCode":"BTN",
        "areaName":"ブータン",
        "domainAbbreviation":"BT"
    },
    {
        "code":"850",
        "pinyin":"ChaoXian",
        "isoCode":"PRK",
        "areaName":"北朝鮮",
        "domainAbbreviation":"KP"
    },
    {
        "code":"670",
        "pinyin":"DongDiWen",
        "isoCode":"TLS",
        "areaName":"東ティモール",
        "domainAbbreviation":"TL"
    },
    {
        "code":"63",
        "pinyin":"FeiLvBin",
        "isoCode":"PHL",
        "areaName":"フィリピン",
        "domainAbbreviation":"PH"
    },
    {
        "code":"995",
        "pinyin":"GeLuJiYa",
        "isoCode":"GEO",
        "areaName":"グルジア",
        "domainAbbreviation":"GE"
    },
    {
        "code":"7",
        "pinyin":"HaSaKeSiTan",
        "isoCode":"KAZ",
        "areaName":"カザフスタン",
        "domainAbbreviation":"KZ"
    },
    {
        "code":"82",
        "pinyin":"HanGuo",
        "isoCode":"KOR",
        "areaName":"韓国",
        "domainAbbreviation":"KR"
    },
    {
        "code":"996",
        "pinyin":"JiErJiSiSiTan",
        "isoCode":"KGZ",
        "areaName":"キルギスタン",
        "domainAbbreviation":"KG"
    },
    {
        "code":"855",
        "pinyin":"JianPuZhai",
        "isoCode":"KHM",
        "areaName":"カンボジア",
        "domainAbbreviation":"KH"
    },
    {
        "code":"974",
        "pinyin":"KaTaEr",
        "isoCode":"QAT",
        "areaName":"カタール",
        "domainAbbreviation":"QA"
    },
    {
        "code":"61",
        "pinyin":"KeKeSiQunDao",
        "isoCode":"CCK",
        "areaName":"ココス諸島",
        "domainAbbreviation":"CC"
    },
    {
        "code":"965",
        "pinyin":"KeWeiTe",
        "isoCode":"KWT",
        "areaName":"クウェート",
        "domainAbbreviation":"KW"
    },
    {
        "code":"856",
        "pinyin":"LaoWo",
        "isoCode":"LAO",
        "areaName":"ラオス",
        "domainAbbreviation":"LA"
    },
    {
        "code":"961",
        "pinyin":"LiBaNen",
        "isoCode":"LBN",
        "areaName":"レバノン",
        "domainAbbreviation":"LB"
    },
    {
        "code":"960",
        "pinyin":"MaErDaiFu",
        "isoCode":"MDV",
        "areaName":"モルディヴ",
        "domainAbbreviation":"MV"
    },
    {
        "code":"60",
        "pinyin":"MaLaiXiYa",
        "isoCode":"MYS",
        "areaName":"マレーシア",
        "domainAbbreviation":"MY"
    },
    {
        "code":"976",
        "pinyin":"MengGu",
        "isoCode":"MNG",
        "areaName":"モンゴル",
        "domainAbbreviation":"MN"
    },
    {
        "code":"880",
        "pinyin":"MengJiaLaGuo",
        "isoCode":"BGD",
        "areaName":"バングラデシュ",
        "domainAbbreviation":"BD"
    },
    {
        "code":"95",
        "pinyin":"MianDian",
        "isoCode":"MMR",
        "areaName":"ミャンマー",
        "domainAbbreviation":"MM"
    },
    {
        "code":"977",
        "pinyin":"NiBoEr",
        "isoCode":"NPL",
        "areaName":"ネパール",
        "domainAbbreviation":"NP"
    },
    {
        "code":"81",
        "pinyin":"RiBen",
        "isoCode":"JPN",
        "areaName":"日本",
        "domainAbbreviation":"JP"
    },
    {
        "code":"357",
        "pinyin":"SaiPuLuSi",
        "isoCode":"CYP",
        "areaName":"キプロス",
        "domainAbbreviation":"CY"
    },
    {
        "code":"966",
        "pinyin":"ShaTeALaBo",
        "isoCode":"SAU",
        "areaName":"サウジアラビア",
        "domainAbbreviation":"SA"
    },
    {
        "code":"61",
        "pinyin":"ShengDanDao",
        "isoCode":"CXR",
        "areaName":"クリスマス島",
        "domainAbbreviation":"CX"
    },
    {
        "code":"94",
        "pinyin":"SiLiLanKa",
        "isoCode":"LKA",
        "areaName":"スリランカ",
        "domainAbbreviation":"LK"
    },
    {
        "code":"992",
        "pinyin":"TaJiKeSiTan",
        "isoCode":"TJK",
        "areaName":"タジキスタン",
        "domainAbbreviation":"TJ"
    },
    {
        "code":"886",
        "pinyin":"ZhongGuoTaiWan",
        "isoCode":"TWN",
        "areaName":"台湾",
        "domainAbbreviation":"TW"
    },
    {
        "code":"66",
        "pinyin":"TaiGuo",
        "isoCode":"THA",
        "areaName":"タイ",
        "domainAbbreviation":"TH"
    },
    {
        "code":"90",
        "pinyin":"TuErQi",
        "isoCode":"TUR",
        "areaName":"トルコ",
        "domainAbbreviation":"TR"
    },
    {
        "code":"993",
        "pinyin":"TuKuManSiTan",
        "isoCode":"TKM",
        "areaName":"トルクメニスタン",
        "domainAbbreviation":"TM"
    },
    {
        "code":"673",
        "pinyin":"WenLai",
        "isoCode":"BRN",
        "areaName":"ブルネイ",
        "domainAbbreviation":"BN"
    },
    {
        "code":"998",
        "pinyin":"WuZiBieKeSiTan",
        "isoCode":"UZB",
        "areaName":"ウズベキスタン",
        "domainAbbreviation":"UZ"
    },
    {
        "code":"852",
        "pinyin":"ZhongGuoXiangGang",
        "isoCode":"HKG",
        "areaName":"香港",
        "domainAbbreviation":"HK"
    },
    {
        "code":"65",
        "pinyin":"XinJiaPo",
        "isoCode":"SGP",
        "areaName":"シンガポール",
        "domainAbbreviation":"SG"
    },
    {
        "code":"963",
        "pinyin":"XuLiYa",
        "isoCode":"SYR",
        "areaName":"シリア",
        "domainAbbreviation":"SY"
    },
    {
        "code":"374",
        "pinyin":"YaMeiNiYa",
        "isoCode":"ARM",
        "areaName":"アルメニア",
        "domainAbbreviation":"AM"
    },
    {
        "code":"967",
        "pinyin":"YeMen",
        "isoCode":"YEM",
        "areaName":"イエメン",
        "domainAbbreviation":"YE"
    },
    {
        "code":"964",
        "pinyin":"YiLaKe",
        "isoCode":"IRQ",
        "areaName":"イラク",
        "domainAbbreviation":"IQ"
    },
    {
        "code":"98",
        "pinyin":"YiLang",
        "isoCode":"IRN",
        "areaName":"イラン",
        "domainAbbreviation":"IR"
    },
    {
        "code":"972",
        "pinyin":"YiSeLie",
        "isoCode":"ISR",
        "areaName":"イスラエル",
        "domainAbbreviation":"IL"
    },
    {
        "code":"91",
        "pinyin":"YinDu",
        "isoCode":"IND",
        "areaName":"インド",
        "domainAbbreviation":"IN"
    },
    {
        "code":"62",
        "pinyin":"YinDuNiXiYa",
        "isoCode":"IDN",
        "areaName":"インドネシア",
        "domainAbbreviation":"ID"
    },
    {
        "code":"962",
        "pinyin":"YueDan",
        "isoCode":"JOR",
        "areaName":"ヨルダン",
        "domainAbbreviation":"JO"
    },
    {
        "code":"84",
        "pinyin":"YueNan",
        "isoCode":"VNM",
        "areaName":"ベトナム",
        "domainAbbreviation":"VN"
    },
    {
        "code":"7",
        "pinyin":"ELuoSi",
        "isoCode":"RUS",
        "areaName":"ロシア",
        "domainAbbreviation":"RU"
    },
    {
        "code":"86",
        "pinyin":"ZhongGuoDaLu",
        "isoCode":"CHN",
        "areaName":"中国",
        "domainAbbreviation":"CN"
    }
]