[
    {
        "code":"297",
        "pinyin":"ALuBa",
        "isoCode":"ABW",
        "areaName":"Аруба",
        "domainAbbreviation":"AW"
    },
    {
        "code":"1264",
        "pinyin":"AnGuiLa",
        "isoCode":"AIA",
        "areaName":"Ангилья",
        "domainAbbreviation":"AI"
    },
    {
        "code":"1268",
        "pinyin":"AnTiGuaHeBaBuDa",
        "isoCode":"ATG",
        "areaName":"Антигуа и Барбуда",
        "domainAbbreviation":"AG"
    },
    {
        "code":"1246",
        "pinyin":"BaBaDuoSi",
        "isoCode":"BRB",
        "areaName":"Барбадос",
        "domainAbbreviation":"BB"
    },
    {
        "code":"1242",
        "pinyin":"BaHaMa",
        "isoCode":"BHS",
        "areaName":"Багамы",
        "domainAbbreviation":"BS"
    },
    {
        "code":"507",
        "pinyin":"BaNaMa",
        "isoCode":"PAN",
        "areaName":"Панама",
        "domainAbbreviation":"PA"
    },
    {
        "code":"1441",
        "pinyin":"BaiMuDa",
        "isoCode":"BMU",
        "areaName":"Бермудские острова",
        "domainAbbreviation":"BM"
    },
    {
        "code":"1787",
        "pinyin":"BoDuoLiGe",
        "isoCode":"PRI",
        "areaName":"Пуэрто-Рико",
        "domainAbbreviation":"PR"
    },
    {
        "code":"501",
        "pinyin":"BoLizi",
        "isoCode":"BLZ",
        "areaName":"Белиз",
        "domainAbbreviation":"BZ"
    },
    {
        "code":"1809",
        "pinyin":"DuoMiNiJiaGongHeGuo",
        "isoCode":"DOM",
        "areaName":"Доминиканская Республика",
        "domainAbbreviation":"DO"
    },
    {
        "code":"1767",
        "pinyin":"DuoMiNiKe",
        "isoCode":"DMA",
        "areaName":"Доминика",
        "domainAbbreviation":"DM"
    },
    {
        "code":"590",
        "pinyin":"ShengMaDing",
        "isoCode":"MAF",
        "areaName":"Сен-Мартен",
        "domainAbbreviation":"MF"
    },
    {
        "code":"506",
        "pinyin":"GeSiDaLiJia",
        "isoCode":"CRI",
        "areaName":"Коста-Рика",
        "domainAbbreviation":"CR"
    },
    {
        "code":"1473",
        "pinyin":"GeLinNaDa",
        "isoCode":"GRD",
        "areaName":"Гренада",
        "domainAbbreviation":"GD"
    },
    {
        "code":"299",
        "pinyin":"GeLingLan",
        "isoCode":"GRL",
        "areaName":"Гренландия",
        "domainAbbreviation":"GL"
    },
    {
        "code":"53",
        "pinyin":"GuBa",
        "isoCode":"CUB",
        "areaName":"Куба",
        "domainAbbreviation":"CU"
    },
    {
        "code":"590",
        "pinyin":"GuaDeLuoPu",
        "isoCode":"GLP",
        "areaName":"Гваделупа",
        "domainAbbreviation":"GP"
    },
    {
        "code":"509",
        "pinyin":"HaiDi",
        "isoCode":"HTI",
        "areaName":"Гаити",
        "domainAbbreviation":"HT"
    },
    {
        "code":"599",
        "pinyin":"HeLanJiaLeBiQu",
        "isoCode":"BES",
        "areaName":"Карибские Нидерланды (Бонэйр, Синт-Эстатиус и Саба)",
        "domainAbbreviation":"BQ"
    },
    {
        "code":"1721",
        "pinyin":"HeShuShengMaDing",
        "isoCode":"SXM",
        "areaName":"Синт-Мартен (Нидерланды)",
        "domainAbbreviation":"SX"
    },
    {
        "code":"504",
        "pinyin":"HongDuLaSi",
        "isoCode":"HND",
        "areaName":"Гондурас",
        "domainAbbreviation":"HN"
    },
    {
        "code":"1",
        "pinyin":"JiaNaDa",
        "isoCode":"CAN",
        "areaName":"Канада",
        "domainAbbreviation":"CA"
    },
    {
        "code":"1345",
        "pinyin":"KaiManQunDao",
        "isoCode":"CYM",
        "areaName":"Каймановы острова",
        "domainAbbreviation":"KY"
    },
    {
        "code":"599",
        "pinyin":"KuLaSuoDao",
        "isoCode":"CUW",
        "areaName":"Кюрасао",
        "domainAbbreviation":"CW"
    },
    {
        "code":"596",
        "pinyin":"MaTiNiKe",
        "isoCode":"MTQ",
        "areaName":"Мартиника",
        "domainAbbreviation":"MQ"
    },
    {
        "code":"1",
        "pinyin":"MeiGuo",
        "isoCode":"USA",
        "areaName":"Соединенные Штаты Америки",
        "domainAbbreviation":"US"
    },
    {
        "code":"246",
        "pinyin":"MeiGuoBenTuWaiXiaoDaoYu",
        "isoCode":"UMI",
        "areaName":"Внешние малые острова (США)",
        "domainAbbreviation":"UM"
    },
    {
        "code":"1340",
        "pinyin":"MeiShuWeiErJingQunDao",
        "isoCode":"VIR",
        "areaName":"Американские Виргинские острова",
        "domainAbbreviation":"VI"
    },
    {
        "code":"1664",
        "pinyin":"MengSaiLaTeDao",
        "isoCode":"MSR",
        "areaName":"Монтсеррат",
        "domainAbbreviation":"MS"
    },
    {
        "code":"52",
        "pinyin":"MoXiGe",
        "isoCode":"MEX",
        "areaName":"Мексика",
        "domainAbbreviation":"MX"
    },
    {
        "code":"505",
        "pinyin":"NiJiaLaGua",
        "isoCode":"NIC",
        "areaName":"Никарагуа",
        "domainAbbreviation":"NI"
    },
    {
        "code":"503",
        "pinyin":"SaErWaDuo",
        "isoCode":"SLV",
        "areaName":"Сальвадор",
        "domainAbbreviation":"SV"
    },
    {
        "code":"590",
        "pinyin":"ShengBaTaiLeMiDao",
        "isoCode":"BLM",
        "areaName":"Сен-Бартелеми",
        "domainAbbreviation":"BL"
    },
    {
        "code":"1869",
        "pinyin":"ShengJiCiHeNiWeiSi",
        "isoCode":"KNA",
        "areaName":"Сент-Китс и Невис",
        "domainAbbreviation":"KN"
    },
    {
        "code":"1758",
        "pinyin":"ShengLuXiYa",
        "isoCode":"LCA",
        "areaName":"Сент-Люсия",
        "domainAbbreviation":"LC"
    },
    {
        "code":"508",
        "pinyin":"ShengPiAiErHeMiKeLong",
        "isoCode":"SPM",
        "areaName":"Сен-Пьер и Микелон",
        "domainAbbreviation":"PM"
    },
    {
        "code":"1784",
        "pinyin":"ShengWenSenTeHeGeLinNaDingSi",
        "isoCode":"VCT",
        "areaName":"Сент-Винсент и Гренадины",
        "domainAbbreviation":"VC"
    },
    {
        "code":"1649",
        "pinyin":"TeKeSiHeKaiKeSiQunDao",
        "isoCode":"TCA",
        "areaName":"Острова Теркс и Кайкос",
        "domainAbbreviation":"TC"
    },
    {
        "code":"1868",
        "pinyin":"TeLiNiDaHeDuoBaGe",
        "isoCode":"TTO",
        "areaName":"Тринидад и Тобаго",
        "domainAbbreviation":"TT"
    },
    {
        "code":"502",
        "pinyin":"WeiDiMaLa",
        "isoCode":"GTM",
        "areaName":"Гватемала",
        "domainAbbreviation":"GT"
    },
    {
        "code":"1876",
        "pinyin":"YaMaiJia",
        "isoCode":"JAM",
        "areaName":"Ямайка",
        "domainAbbreviation":"JM"
    },
    {
        "code":"1284",
        "pinyin":"YingShuWeiErJingQunDao",
        "isoCode":"VGB",
        "areaName":"Британские Виргинские острова",
        "domainAbbreviation":"VG"
    },
    {
        "code":"61",
        "pinyin":"AoDaLiYa",
        "isoCode":"AUS",
        "areaName":"Австралия",
        "domainAbbreviation":"AU"
    },
    {
        "code":"675",
        "pinyin":"BaBuYaXinJiNeiYa",
        "isoCode":"PNG",
        "areaName":"Папуа-Новая Гвинея",
        "domainAbbreviation":"PG"
    },
    {
        "code":"1670",
        "pinyin":"BeiMaLiYaNaQunDao",
        "isoCode":"MNP",
        "areaName":"Северные Марианские острова",
        "domainAbbreviation":"MP"
    },
    {
        "code":"689",
        "pinyin":"FaShuBoLiNiXiYa",
        "isoCode":"PYF",
        "areaName":"Французская Полинезия",
        "domainAbbreviation":"PF"
    },
    {
        "code":"1671",
        "pinyin":"GuanDao",
        "isoCode":"GUM",
        "areaName":"Гуам",
        "domainAbbreviation":"GU"
    },
    {
        "code":"686",
        "pinyin":"JiLiBaSi",
        "isoCode":"KIR",
        "areaName":"Кирибати",
        "domainAbbreviation":"KI"
    },
    {
        "code":"682",
        "pinyin":"KuKeQunDao",
        "isoCode":"COK",
        "areaName":"Острова Кука",
        "domainAbbreviation":"CK"
    },
    {
        "code":"692",
        "pinyin":"MaShaoErQunDao",
        "isoCode":"MHL",
        "areaName":"Маршалловы острова",
        "domainAbbreviation":"MH"
    },
    {
        "code":"1684",
        "pinyin":"MeiShuSaMoYa",
        "isoCode":"ASM",
        "areaName":"Американское Самоа",
        "domainAbbreviation":"AS"
    },
    {
        "code":"691",
        "pinyin":"MiKeLuoNiXiYaLianBang",
        "isoCode":"FSM",
        "areaName":"Федеративные Штаты Микронезии",
        "domainAbbreviation":"FM"
    },
    {
        "code":"683",
        "pinyin":"NiuAi",
        "isoCode":"NIU",
        "areaName":"Ниуэ",
        "domainAbbreviation":"NU"
    },
    {
        "code":"672",
        "pinyin":"NuoFuKeDao",
        "isoCode":"NFK",
        "areaName":"Остров Норфолк",
        "domainAbbreviation":"NF"
    },
    {
        "code":"680",
        "pinyin":"PaLao",
        "isoCode":"PLW",
        "areaName":"Палау",
        "domainAbbreviation":"PW"
    },
    {
        "code":"64",
        "pinyin":"PiTeKaiEnQunDao",
        "isoCode":"PCN",
        "areaName":"Острова Питкэрн",
        "domainAbbreviation":"PN"
    },
    {
        "code":"685",
        "pinyin":"SaMoYa",
        "isoCode":"WSM",
        "areaName":"Самоа",
        "domainAbbreviation":"WS"
    },
    {
        "code":"677",
        "pinyin":"SuoLuoMenQunDao",
        "isoCode":"SLB",
        "areaName":"Соломоновы острова",
        "domainAbbreviation":"SB"
    },
    {
        "code":"676",
        "pinyin":"TangJia",
        "isoCode":"TON",
        "areaName":"Тонга",
        "domainAbbreviation":"TO"
    },
    {
        "code":"688",
        "pinyin":"TuWaLu",
        "isoCode":"TUV",
        "areaName":"Тувалу",
        "domainAbbreviation":"TV"
    },
    {
        "code":"690",
        "pinyin":"TuoKeLao",
        "isoCode":"TKL",
        "areaName":"Токелау",
        "domainAbbreviation":"TK"
    },
    {
        "code":"681",
        "pinyin":"WaLiSiHeFuTuNa",
        "isoCode":"WLF",
        "areaName":"Уоллис и Футуна",
        "domainAbbreviation":"WF"
    },
    {
        "code":"678",
        "pinyin":"WaNuATu",
        "isoCode":"VUT",
        "areaName":"Вануату",
        "domainAbbreviation":"VU"
    },
    {
        "code":"687",
        "pinyin":"XinKaLiDuoNiYa",
        "isoCode":"NCL",
        "areaName":"Новая Каледония",
        "domainAbbreviation":"NC"
    },
    {
        "code":"64",
        "pinyin":"XinXiLan",
        "isoCode":"NZL",
        "areaName":"Новая Зеландия",
        "domainAbbreviation":"NZ"
    },
    {
        "code":"674",
        "pinyin":"NaoLu",
        "isoCode":"NRU",
        "areaName":"Науру",
        "domainAbbreviation":"NR"
    },
    {
        "code":"679",
        "pinyin":"FeiJiQunDao",
        "isoCode":"FJI",
        "areaName":"Фиджи",
        "domainAbbreviation":"FJ"
    },
    {
        "code":"213",
        "pinyin":"AErJiLiYa",
        "isoCode":"DZA",
        "areaName":"Алжир",
        "domainAbbreviation":"DZ"
    },
    {
        "code":"20",
        "pinyin":"AiJi",
        "isoCode":"EGY",
        "areaName":"Египет",
        "domainAbbreviation":"EG"
    },
    {
        "code":"251",
        "pinyin":"AiSaiEBiYa",
        "isoCode":"ETH",
        "areaName":"Эфиопия",
        "domainAbbreviation":"ET"
    },
    {
        "code":"244",
        "pinyin":"AnGeLa",
        "isoCode":"AGO",
        "areaName":"Ангола",
        "domainAbbreviation":"AO"
    },
    {
        "code":"229",
        "pinyin":"BeiNing",
        "isoCode":"BEN",
        "areaName":"Бенин",
        "domainAbbreviation":"BJ"
    },
    {
        "code":"267",
        "pinyin":"BoCiWaNa",
        "isoCode":"BWA",
        "areaName":"Ботсвана",
        "domainAbbreviation":"BW"
    },
    {
        "code":"226",
        "pinyin":"BuJiNaFaSuo",
        "isoCode":"BFA",
        "areaName":"Буркина-Фасо",
        "domainAbbreviation":"BF"
    },
    {
        "code":"257",
        "pinyin":"BuLongDi",
        "isoCode":"BDI",
        "areaName":"Бурунди.",
        "domainAbbreviation":"BI"
    },
    {
        "code":"240",
        "pinyin":"ChiDaoJiNeiYa",
        "isoCode":"GNQ",
        "areaName":"Экваториальная Гвинея",
        "domainAbbreviation":"GQ"
    },
    {
        "code":"228",
        "pinyin":"DuoGe",
        "isoCode":"TGO",
        "areaName":"Того",
        "domainAbbreviation":"TG"
    },
    {
        "code":"291",
        "pinyin":"ELiTeLiYa",
        "isoCode":"ERI",
        "areaName":"Эритрея",
        "domainAbbreviation":"ER"
    },
    {
        "code":"238",
        "pinyin":"FoDeJiao",
        "isoCode":"CPV",
        "areaName":"Кабо-Верде",
        "domainAbbreviation":"CV"
    },
    {
        "code":"220",
        "pinyin":"GangBiYa",
        "isoCode":"GMB",
        "areaName":"Гамбия",
        "domainAbbreviation":"GM"
    },
    {
        "code":"242",
        "pinyin":"GangGuo(Bu)",
        "isoCode":"COG",
        "areaName":"Республика Конго",
        "domainAbbreviation":"CG"
    },
    {
        "code":"243",
        "pinyin":"GangGuo(Jin)",
        "isoCode":"COD",
        "areaName":"Демократическая Республика Конго",
        "domainAbbreviation":"CD"
    },
    {
        "code":"253",
        "pinyin":"JiBuTi",
        "isoCode":"DJI",
        "areaName":"Джибути",
        "domainAbbreviation":"DJ"
    },
    {
        "code":"224",
        "pinyin":"JiNeiYa",
        "isoCode":"GIN",
        "areaName":"Гвинея",
        "domainAbbreviation":"GN"
    },
    {
        "code":"245",
        "pinyin":"JiNeiYaBiShao",
        "isoCode":"GNB",
        "areaName":"Гвинея-Бисау",
        "domainAbbreviation":"GW"
    },
    {
        "code":"233",
        "pinyin":"JiaNa",
        "isoCode":"GHA",
        "areaName":"Гана",
        "domainAbbreviation":"GH"
    },
    {
        "code":"241",
        "pinyin":"JiaPeng",
        "isoCode":"GAB",
        "areaName":"Габон",
        "domainAbbreviation":"GA"
    },
    {
        "code":"263",
        "pinyin":"JinBaBuWei",
        "isoCode":"ZWE",
        "areaName":"Зимбабве",
        "domainAbbreviation":"ZW"
    },
    {
        "code":"237",
        "pinyin":"KaMaiLong",
        "isoCode":"CMR",
        "areaName":"Камерун",
        "domainAbbreviation":"CM"
    },
    {
        "code":"269",
        "pinyin":"KeMoLuo",
        "isoCode":"COM",
        "areaName":"Коморы",
        "domainAbbreviation":"KM"
    },
    {
        "code":"225",
        "pinyin":"KeTeDiWa",
        "isoCode":"CIV",
        "areaName":"Кот-д'Ивуар",
        "domainAbbreviation":"CI"
    },
    {
        "code":"254",
        "pinyin":"KenNiYa",
        "isoCode":"KEN",
        "areaName":"Кения",
        "domainAbbreviation":"KE"
    },
    {
        "code":"266",
        "pinyin":"LaiSuoTuo",
        "isoCode":"LSO",
        "areaName":"Лесото",
        "domainAbbreviation":"LS"
    },
    {
        "code":"231",
        "pinyin":"LiBiLiYa",
        "isoCode":"LBR",
        "areaName":"Либерия",
        "domainAbbreviation":"LR"
    },
    {
        "code":"218",
        "pinyin":"LiBiYa",
        "isoCode":"LBY",
        "areaName":"Ливия",
        "domainAbbreviation":"LY"
    },
    {
        "code":"262",
        "pinyin":"LiuNiWang",
        "isoCode":"REU",
        "areaName":"Реюньон",
        "domainAbbreviation":"RE"
    },
    {
        "code":"250",
        "pinyin":"LuWangDa",
        "isoCode":"RWA",
        "areaName":"Руанда",
        "domainAbbreviation":"RW"
    },
    {
        "code":"261",
        "pinyin":"MaDaJiaSiJia",
        "isoCode":"MDG",
        "areaName":"Мадагаскар",
        "domainAbbreviation":"MG"
    },
    {
        "code":"265",
        "pinyin":"MaLaWei",
        "isoCode":"MWI",
        "areaName":"Малави",
        "domainAbbreviation":"MW"
    },
    {
        "code":"223",
        "pinyin":"MaLi",
        "isoCode":"MLI",
        "areaName":"Мали",
        "domainAbbreviation":"ML"
    },
    {
        "code":"262",
        "pinyin":"MaYueTe",
        "isoCode":"MYT",
        "areaName":"Майотта",
        "domainAbbreviation":"YT"
    },
    {
        "code":"230",
        "pinyin":"MaoLiQiuSi",
        "isoCode":"MUS",
        "areaName":"Маврикий",
        "domainAbbreviation":"MU"
    },
    {
        "code":"222",
        "pinyin":"MaoLiTaNiYa",
        "isoCode":"MRT",
        "areaName":"Мавритания",
        "domainAbbreviation":"MR"
    },
    {
        "code":"212",
        "pinyin":"MoLuoGe",
        "isoCode":"MAR",
        "areaName":"Марокко",
        "domainAbbreviation":"MA"
    },
    {
        "code":"258",
        "pinyin":"MoSangBiKe",
        "isoCode":"MOZ",
        "areaName":"Мозамбик",
        "domainAbbreviation":"MZ"
    },
    {
        "code":"264",
        "pinyin":"NaMiBiYa",
        "isoCode":"NAM",
        "areaName":"Намибия",
        "domainAbbreviation":"NA"
    },
    {
        "code":"27",
        "pinyin":"NanFei",
        "isoCode":"ZAF",
        "areaName":"Южная Африка",
        "domainAbbreviation":"ZA"
    },
    {
        "code":"211",
        "pinyin":"NanSuDan",
        "isoCode":"SSD",
        "areaName":"Южный Судан",
        "domainAbbreviation":"SS"
    },
    {
        "code":"227",
        "pinyin":"NiRiEr",
        "isoCode":"NER",
        "areaName":"Нигер",
        "domainAbbreviation":"NE"
    },
    {
        "code":"234",
        "pinyin":"NiRiLiYa",
        "isoCode":"NGA",
        "areaName":"Нигерия",
        "domainAbbreviation":"NG"
    },
    {
        "code":"232",
        "pinyin":"SaiLaLiAng",
        "isoCode":"SLE",
        "areaName":"Сьерра-Леоне",
        "domainAbbreviation":"SL"
    },
    {
        "code":"221",
        "pinyin":"SaiNeiJiaEr",
        "isoCode":"SEN",
        "areaName":"Сенегал",
        "domainAbbreviation":"SN"
    },
    {
        "code":"248",
        "pinyin":"SaiSheEr",
        "isoCode":"SYC",
        "areaName":"Сейшелы",
        "domainAbbreviation":"SC"
    },
    {
        "code":"239",
        "pinyin":"ShengDuoMeiHePuLinXiBi",
        "isoCode":"STP",
        "areaName":"Сан-Томе и Принсипи",
        "domainAbbreviation":"ST"
    },
    {
        "code":"290",
        "pinyin":"ShengHeLeNa",
        "isoCode":"SHN",
        "areaName":"Остров Святой Елены",
        "domainAbbreviation":"SH"
    },
    {
        "code":"268",
        "pinyin":"SiWeiShiLan",
        "isoCode":"SWZ",
        "areaName":"Свазиленд",
        "domainAbbreviation":"SZ"
    },
    {
        "code":"249",
        "pinyin":"SuDan",
        "isoCode":"SDN",
        "areaName":"Судан",
        "domainAbbreviation":"SD"
    },
    {
        "code":"252",
        "pinyin":"SuoMaLi",
        "isoCode":"SOM",
        "areaName":"Сомали",
        "domainAbbreviation":"SO"
    },
    {
        "code":"255",
        "pinyin":"TanSangNiYa",
        "isoCode":"TZA",
        "areaName":"Танзания",
        "domainAbbreviation":"TZ"
    },
    {
        "code":"216",
        "pinyin":"TuNiSi",
        "isoCode":"TUN",
        "areaName":"Тунис",
        "domainAbbreviation":"TN"
    },
    {
        "code":"256",
        "pinyin":"WuGanDa",
        "isoCode":"UGA",
        "areaName":"Уганда",
        "domainAbbreviation":"UG"
    },
    {
        "code":"212",
        "pinyin":"XiSaHaLa",
        "isoCode":"ESH",
        "areaName":"Западная Сахара",
        "domainAbbreviation":"EH"
    },
    {
        "code":"246",
        "pinyin":"YingShuYinDuYangLingDi",
        "isoCode":"IOT",
        "areaName":"Британская территория в Индийском океане",
        "domainAbbreviation":"IO"
    },
    {
        "code":"260",
        "pinyin":"ZanBiYa",
        "isoCode":"ZMB",
        "areaName":"Замбия",
        "domainAbbreviation":"ZM"
    },
    {
        "code":"235",
        "pinyin":"ZhaDe",
        "isoCode":"TCD",
        "areaName":"Чад",
        "domainAbbreviation":"TD"
    },
    {
        "code":"236",
        "pinyin":"ZhongFei",
        "isoCode":"CAF",
        "areaName":"Центрально-Африканская",
        "domainAbbreviation":"CF"
    },
    {
        "code":"47",
        "pinyin":"BuWeiDao",
        "isoCode":"BVT",
        "areaName":"Остров Буве",
        "domainAbbreviation":"BV"
    },
    {
        "code":"33",
        "pinyin":"FaShuNanBuLingDi",
        "isoCode":"ATF",
        "areaName":"Французские Южные и Антарктические Территории",
        "domainAbbreviation":"TF"
    },
    {
        "code":"672",
        "pinyin":"HeDeDaoHeMaiKeTangNaQunDao",
        "isoCode":"HMD",
        "areaName":"Остров Херд и острова Макдональд",
        "domainAbbreviation":"HM"
    },
    {
        "code":"672",
        "pinyin":"NanJiZhou",
        "isoCode":"ATA",
        "areaName":"Антарктида",
        "domainAbbreviation":"AQ"
    },
    {
        "code":"500",
        "pinyin":"NanQiaoZhiYaDaoHeNanSangWeiQiQunDao",
        "isoCode":"SGS",
        "areaName":"Южная Георгия и Южные Сандвичевы острова",
        "domainAbbreviation":"GS"
    },
    {
        "code":"595",
        "pinyin":"BaLaGui",
        "isoCode":"PRY",
        "areaName":"Парагвай",
        "domainAbbreviation":"PY"
    },
    {
        "code":"55",
        "pinyin":"BaXi",
        "isoCode":"BRA",
        "areaName":"Бразилия",
        "domainAbbreviation":"BR"
    },
    {
        "code":"591",
        "pinyin":"BoLiWeiYa",
        "isoCode":"BOL",
        "areaName":"Боливия",
        "domainAbbreviation":"BO"
    },
    {
        "code":"593",
        "pinyin":"EGuaDuoEr",
        "isoCode":"ECU",
        "areaName":"Эквадор",
        "domainAbbreviation":"EC"
    },
    {
        "code":"594",
        "pinyin":"FaShuGuiYaNa",
        "isoCode":"GUF",
        "areaName":"Французская Гвиана",
        "domainAbbreviation":"GF"
    },
    {
        "code":"57",
        "pinyin":"GeLunBiYa",
        "isoCode":"COL",
        "areaName":"Колумбия",
        "domainAbbreviation":"CO"
    },
    {
        "code":"592",
        "pinyin":"GuiYaNa",
        "isoCode":"GUY",
        "areaName":"Гайана",
        "domainAbbreviation":"GY"
    },
    {
        "code":"500",
        "pinyin":"MaErWeiNaSiQunDao(FuKeLan)",
        "isoCode":"FLK",
        "areaName":"Мальвинские (Фолклендские) острова",
        "domainAbbreviation":"FK"
    },
    {
        "code":"51",
        "pinyin":"MiLu",
        "isoCode":"PER",
        "areaName":"Перу",
        "domainAbbreviation":"PE"
    },
    {
        "code":"597",
        "pinyin":"SuLiNan",
        "isoCode":"SUR",
        "areaName":"Суринам",
        "domainAbbreviation":"SR"
    },
    {
        "code":"58",
        "pinyin":"WeiNeiRuiLa",
        "isoCode":"VEN",
        "areaName":"Венесуэла",
        "domainAbbreviation":"VE"
    },
    {
        "code":"598",
        "pinyin":"WuLaGui",
        "isoCode":"URY",
        "areaName":"Уругвай",
        "domainAbbreviation":"UY"
    },
    {
        "code":"56",
        "pinyin":"ZhiLi",
        "isoCode":"CHL",
        "areaName":"Чили",
        "domainAbbreviation":"CL"
    },
    {
        "code":"355",
        "pinyin":"AErBaNiYa",
        "isoCode":"ALB",
        "areaName":"Албания",
        "domainAbbreviation":"AL"
    },
    {
        "code":"353",
        "pinyin":"AiErLan",
        "isoCode":"IRL",
        "areaName":"Ирландия",
        "domainAbbreviation":"IE"
    },
    {
        "code":"372",
        "pinyin":"AiShaNiYa",
        "isoCode":"EST",
        "areaName":"Эстония",
        "domainAbbreviation":"EE"
    },
    {
        "code":"376",
        "pinyin":"AnDaoErGongHeGuo",
        "isoCode":"AND",
        "areaName":"Андорра",
        "domainAbbreviation":"AD"
    },
    {
        "code":"43",
        "pinyin":"AoDiLi",
        "isoCode":"AUT",
        "areaName":"Австрия",
        "domainAbbreviation":"AT"
    },
    {
        "code":"35818",
        "pinyin":"AoLanQunDao",
        "isoCode":"ALA",
        "areaName":"Аландские острова",
        "domainAbbreviation":"AX"
    },
    {
        "code":"375",
        "pinyin":"BaiELuoSi",
        "isoCode":"BLR",
        "areaName":"Беларусь",
        "domainAbbreviation":"BY"
    },
    {
        "code":"359",
        "pinyin":"BaoJiaLiYa",
        "isoCode":"BGR",
        "areaName":"Болгария",
        "domainAbbreviation":"BG"
    },
    {
        "code":"32",
        "pinyin":"BiLiShi",
        "isoCode":"BEL",
        "areaName":"Бельгия",
        "domainAbbreviation":"BE"
    },
    {
        "code":"354",
        "pinyin":"BingDao",
        "isoCode":"ISL",
        "areaName":"Исландия",
        "domainAbbreviation":"IS"
    },
    {
        "code":"387",
        "pinyin":"BoSiNiYaHeHeiSaiGeWeiNa",
        "isoCode":"BIH",
        "areaName":"Босния и Герцеговина",
        "domainAbbreviation":"BA"
    },
    {
        "code":"48",
        "pinyin":"BoLan",
        "isoCode":"POL",
        "areaName":"Польша",
        "domainAbbreviation":"PL"
    },
    {
        "code":"45",
        "pinyin":"DanMai",
        "isoCode":"DNK",
        "areaName":"Дания",
        "domainAbbreviation":"DK"
    },
    {
        "code":"49",
        "pinyin":"DeGuo",
        "isoCode":"DEU",
        "areaName":"Германия",
        "domainAbbreviation":"DE"
    },
    {
        "code":"33",
        "pinyin":"FaGuo",
        "isoCode":"FRA",
        "areaName":"Франция",
        "domainAbbreviation":"FR"
    },
    {
        "code":"298",
        "pinyin":"FaLuoQunDao",
        "isoCode":"FRO",
        "areaName":"Фарерские острова",
        "domainAbbreviation":"FO"
    },
    {
        "code":"358",
        "pinyin":"FenLan",
        "isoCode":"FIN",
        "areaName":"Финляндия",
        "domainAbbreviation":"FI"
    },
    {
        "code":"441481",
        "pinyin":"GenXiDao",
        "isoCode":"GGY",
        "areaName":"Гернси",
        "domainAbbreviation":"GG"
    },
    {
        "code":"31",
        "pinyin":"HeLan",
        "isoCode":"NLD",
        "areaName":"Нидерланды",
        "domainAbbreviation":"NL"
    },
    {
        "code":"382",
        "pinyin":"HeiShanGongHeGuo",
        "isoCode":"MNE",
        "areaName":"Черногория",
        "domainAbbreviation":"ME"
    },
    {
        "code":"420",
        "pinyin":"JiKeGongHeGuo",
        "isoCode":"CZE",
        "areaName":"Чешская республика",
        "domainAbbreviation":"CZ"
    },
    {
        "code":"385",
        "pinyin":"KeLuoDiYa",
        "isoCode":"HRV",
        "areaName":"Хорватия",
        "domainAbbreviation":"HR"
    },
    {
        "code":"371",
        "pinyin":"LaTuoWeiYa",
        "isoCode":"LVA",
        "areaName":"Латвия",
        "domainAbbreviation":"LV"
    },
    {
        "code":"370",
        "pinyin":"LiTaoWan",
        "isoCode":"LTU",
        "areaName":"Литва",
        "domainAbbreviation":"LT"
    },
    {
        "code":"423",
        "pinyin":"LieZhiDunShiDeng",
        "isoCode":"LIE",
        "areaName":"Лихтенштейн",
        "domainAbbreviation":"LI"
    },
    {
        "code":"352",
        "pinyin":"LuSenBao",
        "isoCode":"LUX",
        "areaName":"Люксембург",
        "domainAbbreviation":"LU"
    },
    {
        "code":"40",
        "pinyin":"LuoMaNiYa",
        "isoCode":"ROU",
        "areaName":"Румыния",
        "domainAbbreviation":"RO"
    },
    {
        "code":"441624",
        "pinyin":"MaEnDao",
        "isoCode":"IMN",
        "areaName":"Остров Мэн",
        "domainAbbreviation":"IM"
    },
    {
        "code":"356",
        "pinyin":"MaErTa",
        "isoCode":"MLT",
        "areaName":"Мальта",
        "domainAbbreviation":"MT"
    },
    {
        "code":"389",
        "pinyin":"MaQiDun",
        "isoCode":"MKD",
        "areaName":"Македония",
        "domainAbbreviation":"MK"
    },
    {
        "code":"373",
        "pinyin":"MoErDuoWa",
        "isoCode":"MDA",
        "areaName":"Молдова",
        "domainAbbreviation":"MD"
    },
    {
        "code":"377",
        "pinyin":"MoNaGe",
        "isoCode":"MCO",
        "areaName":"Монако",
        "domainAbbreviation":"MC"
    },
    {
        "code":"47",
        "pinyin":"NuoWei",
        "isoCode":"NOR",
        "areaName":"Норвегия",
        "domainAbbreviation":"NO"
    },
    {
        "code":"351",
        "pinyin":"PUTaoYa",
        "isoCode":"PRT",
        "areaName":"Португалия",
        "domainAbbreviation":"PT"
    },
    {
        "code":"46",
        "pinyin":"RuiDian",
        "isoCode":"SWE",
        "areaName":"Швеция",
        "domainAbbreviation":"SE"
    },
    {
        "code":"41",
        "pinyin":"RuiShi",
        "isoCode":"CHE",
        "areaName":"Швейцария",
        "domainAbbreviation":"CH"
    },
    {
        "code":"381",
        "pinyin":"SaiErWeiYa",
        "isoCode":"SRB",
        "areaName":"Сербия",
        "domainAbbreviation":"RS"
    },
    {
        "code":"378",
        "pinyin":"ShengMaLiNuo",
        "isoCode":"SMR",
        "areaName":"Сан-Марино",
        "domainAbbreviation":"SM"
    },
    {
        "code":"421",
        "pinyin":"SiLuoFaKe",
        "isoCode":"SVK",
        "areaName":"Словакия",
        "domainAbbreviation":"SK"
    },
    {
        "code":"386",
        "pinyin":"SiLuoWenNiYa",
        "isoCode":"SVN",
        "areaName":"Словения",
        "domainAbbreviation":"SI"
    },
    {
        "code":"4779",
        "pinyin":"SiWaErBaQunDaoHeYangMaYanDao",
        "isoCode":"SJM",
        "areaName":"Шпицберген и Ян-Майен",
        "domainAbbreviation":"SJ"
    },
    {
        "code":"380",
        "pinyin":"WuKeLan",
        "isoCode":"UKR",
        "areaName":"Украина",
        "domainAbbreviation":"UA"
    },
    {
        "code":"34",
        "pinyin":"XiBanYa",
        "isoCode":"ESP",
        "areaName":"Испания",
        "domainAbbreviation":"ES"
    },
    {
        "code":"30",
        "pinyin":"XiLa",
        "isoCode":"GRC",
        "areaName":"Греция",
        "domainAbbreviation":"GR"
    },
    {
        "code":"36",
        "pinyin":"XiongyaLi",
        "isoCode":"HUN",
        "areaName":"Венгрия",
        "domainAbbreviation":"HU"
    },
    {
        "code":"39",
        "pinyin":"YiDaLi",
        "isoCode":"ITA",
        "areaName":"Италия",
        "domainAbbreviation":"IT"
    },
    {
        "code":"44",
        "pinyin":"YingGuo",
        "isoCode":"GBR",
        "areaName":"Великобритания",
        "domainAbbreviation":"GB"
    },
    {
        "code":"441534",
        "pinyin":"ZeXiDao",
        "isoCode":"JEY",
        "areaName":"Остров Джерси",
        "domainAbbreviation":"JE"
    },
    {
        "code":"350",
        "pinyin":"ZhiBuLuoTuo",
        "isoCode":"GIB",
        "areaName":"Гибралтар",
        "domainAbbreviation":"GI"
    },
    {
        "code":"379",
        "pinyin":"FanDiGang",
        "isoCode":"VAT",
        "areaName":"Ватикан",
        "domainAbbreviation":"VA"
    },
    {
        "code":"93",
        "pinyin":"AFuHan",
        "isoCode":"AFG",
        "areaName":"Афганистан",
        "domainAbbreviation":"AF"
    },
    {
        "code":"54",
        "pinyin":"AGenTing",
        "isoCode":"ARG",
        "areaName":"Аргентина",
        "domainAbbreviation":"AR"
    },
    {
        "code":"971",
        "pinyin":"ALianQiu",
        "isoCode":"ARE",
        "areaName":"Объединенные Арабские Эмираты",
        "domainAbbreviation":"AE"
    },
    {
        "code":"968",
        "pinyin":"AMan",
        "isoCode":"OMN",
        "areaName":"Оман",
        "domainAbbreviation":"OM"
    },
    {
        "code":"994",
        "pinyin":"ASaiBaiJiang",
        "isoCode":"AZE",
        "areaName":"Азербайджан",
        "domainAbbreviation":"AZ"
    },
    {
        "code":"853",
        "pinyin":"ZhongGuoAoMen",
        "isoCode":"MAC",
        "areaName":"Макао",
        "domainAbbreviation":"MO"
    },
    {
        "code":"92",
        "pinyin":"BaJiSiTan",
        "isoCode":"PAK",
        "areaName":"Пакистан",
        "domainAbbreviation":"PK"
    },
    {
        "code":"970",
        "pinyin":"BaLeSiTan",
        "isoCode":"PSE",
        "areaName":"Палестина",
        "domainAbbreviation":"PS"
    },
    {
        "code":"973",
        "pinyin":"BaLin",
        "isoCode":"BHR",
        "areaName":"Бахрейн",
        "domainAbbreviation":"BH"
    },
    {
        "code":"975",
        "pinyin":"BuDan",
        "isoCode":"BTN",
        "areaName":"Бутан",
        "domainAbbreviation":"BT"
    },
    {
        "code":"850",
        "pinyin":"ChaoXian",
        "isoCode":"PRK",
        "areaName":"Корейская Народно-Демократическая Республика (КНДР)",
        "domainAbbreviation":"KP"
    },
    {
        "code":"670",
        "pinyin":"DongDiWen",
        "isoCode":"TLS",
        "areaName":"Восточный Тимор",
        "domainAbbreviation":"TL"
    },
    {
        "code":"63",
        "pinyin":"FeiLvBin",
        "isoCode":"PHL",
        "areaName":"Филиппины",
        "domainAbbreviation":"PH"
    },
    {
        "code":"995",
        "pinyin":"GeLuJiYa",
        "isoCode":"GEO",
        "areaName":"Грузия",
        "domainAbbreviation":"GE"
    },
    {
        "code":"7",
        "pinyin":"HaSaKeSiTan",
        "isoCode":"KAZ",
        "areaName":"Казахстан",
        "domainAbbreviation":"KZ"
    },
    {
        "code":"82",
        "pinyin":"HanGuo",
        "isoCode":"KOR",
        "areaName":"Южная Корея",
        "domainAbbreviation":"KR"
    },
    {
        "code":"996",
        "pinyin":"JiErJiSiSiTan",
        "isoCode":"KGZ",
        "areaName":"Киргизия",
        "domainAbbreviation":"KG"
    },
    {
        "code":"855",
        "pinyin":"JianPuZhai",
        "isoCode":"KHM",
        "areaName":"Камбоджа",
        "domainAbbreviation":"KH"
    },
    {
        "code":"974",
        "pinyin":"KaTaEr",
        "isoCode":"QAT",
        "areaName":"Катар",
        "domainAbbreviation":"QA"
    },
    {
        "code":"61",
        "pinyin":"KeKeSiQunDao",
        "isoCode":"CCK",
        "areaName":"Кокосовые острова",
        "domainAbbreviation":"CC"
    },
    {
        "code":"965",
        "pinyin":"KeWeiTe",
        "isoCode":"KWT",
        "areaName":"Кувейт",
        "domainAbbreviation":"KW"
    },
    {
        "code":"856",
        "pinyin":"LaoWo",
        "isoCode":"LAO",
        "areaName":"Лаос",
        "domainAbbreviation":"LA"
    },
    {
        "code":"961",
        "pinyin":"LiBaNen",
        "isoCode":"LBN",
        "areaName":"Ливан",
        "domainAbbreviation":"LB"
    },
    {
        "code":"960",
        "pinyin":"MaErDaiFu",
        "isoCode":"MDV",
        "areaName":"Мальдивы",
        "domainAbbreviation":"MV"
    },
    {
        "code":"60",
        "pinyin":"MaLaiXiYa",
        "isoCode":"MYS",
        "areaName":"Малайзия",
        "domainAbbreviation":"MY"
    },
    {
        "code":"976",
        "pinyin":"MengGu",
        "isoCode":"MNG",
        "areaName":"Монголия",
        "domainAbbreviation":"MN"
    },
    {
        "code":"880",
        "pinyin":"MengJiaLaGuo",
        "isoCode":"BGD",
        "areaName":"Бангладеш",
        "domainAbbreviation":"BD"
    },
    {
        "code":"95",
        "pinyin":"MianDian",
        "isoCode":"MMR",
        "areaName":"Мьянма",
        "domainAbbreviation":"MM"
    },
    {
        "code":"977",
        "pinyin":"NiBoEr",
        "isoCode":"NPL",
        "areaName":"Непал",
        "domainAbbreviation":"NP"
    },
    {
        "code":"81",
        "pinyin":"RiBen",
        "isoCode":"JPN",
        "areaName":"Япония",
        "domainAbbreviation":"JP"
    },
    {
        "code":"357",
        "pinyin":"SaiPuLuSi",
        "isoCode":"CYP",
        "areaName":"Кипр",
        "domainAbbreviation":"CY"
    },
    {
        "code":"966",
        "pinyin":"ShaTeALaBo",
        "isoCode":"SAU",
        "areaName":"Саудовская Аравия",
        "domainAbbreviation":"SA"
    },
    {
        "code":"61",
        "pinyin":"ShengDanDao",
        "isoCode":"CXR",
        "areaName":"Остров Рождества",
        "domainAbbreviation":"CX"
    },
    {
        "code":"94",
        "pinyin":"SiLiLanKa",
        "isoCode":"LKA",
        "areaName":"Шри-Ланка",
        "domainAbbreviation":"LK"
    },
    {
        "code":"992",
        "pinyin":"TaJiKeSiTan",
        "isoCode":"TJK",
        "areaName":"Таджикистан",
        "domainAbbreviation":"TJ"
    },
    {
        "code":"886",
        "pinyin":"ZhongGuoTaiWan",
        "isoCode":"TWN",
        "areaName":"Тайвань",
        "domainAbbreviation":"TW"
    },
    {
        "code":"66",
        "pinyin":"TaiGuo",
        "isoCode":"THA",
        "areaName":"Таиланд",
        "domainAbbreviation":"TH"
    },
    {
        "code":"90",
        "pinyin":"TuErQi",
        "isoCode":"TUR",
        "areaName":"Турция",
        "domainAbbreviation":"TR"
    },
    {
        "code":"993",
        "pinyin":"TuKuManSiTan",
        "isoCode":"TKM",
        "areaName":"Туркменистан",
        "domainAbbreviation":"TM"
    },
    {
        "code":"673",
        "pinyin":"WenLai",
        "isoCode":"BRN",
        "areaName":"Бруней",
        "domainAbbreviation":"BN"
    },
    {
        "code":"998",
        "pinyin":"WuZiBieKeSiTan",
        "isoCode":"UZB",
        "areaName":"Узбекистан",
        "domainAbbreviation":"UZ"
    },
    {
        "code":"852",
        "pinyin":"ZhongGuoXiangGang",
        "isoCode":"HKG",
        "areaName":"Гонконг",
        "domainAbbreviation":"HK"
    },
    {
        "code":"65",
        "pinyin":"XinJiaPo",
        "isoCode":"SGP",
        "areaName":"Сингапур",
        "domainAbbreviation":"SG"
    },
    {
        "code":"963",
        "pinyin":"XuLiYa",
        "isoCode":"SYR",
        "areaName":"Сирия",
        "domainAbbreviation":"SY"
    },
    {
        "code":"374",
        "pinyin":"YaMeiNiYa",
        "isoCode":"ARM",
        "areaName":"Армения",
        "domainAbbreviation":"AM"
    },
    {
        "code":"967",
        "pinyin":"YeMen",
        "isoCode":"YEM",
        "areaName":"Йемен",
        "domainAbbreviation":"YE"
    },
    {
        "code":"964",
        "pinyin":"YiLaKe",
        "isoCode":"IRQ",
        "areaName":"Ирак",
        "domainAbbreviation":"IQ"
    },
    {
        "code":"98",
        "pinyin":"YiLang",
        "isoCode":"IRN",
        "areaName":"Иран",
        "domainAbbreviation":"IR"
    },
    {
        "code":"972",
        "pinyin":"YiSeLie",
        "isoCode":"ISR",
        "areaName":"Израиль",
        "domainAbbreviation":"IL"
    },
    {
        "code":"91",
        "pinyin":"YinDu",
        "isoCode":"IND",
        "areaName":"Индия",
        "domainAbbreviation":"IN"
    },
    {
        "code":"62",
        "pinyin":"YinDuNiXiYa",
        "isoCode":"IDN",
        "areaName":"Индонезия",
        "domainAbbreviation":"ID"
    },
    {
        "code":"962",
        "pinyin":"YueDan",
        "isoCode":"JOR",
        "areaName":"Иордания",
        "domainAbbreviation":"JO"
    },
    {
        "code":"84",
        "pinyin":"YueNan",
        "isoCode":"VNM",
        "areaName":"Вьетнам",
        "domainAbbreviation":"VN"
    },
    {
        "code":"7",
        "pinyin":"ELuoSi",
        "isoCode":"RUS",
        "areaName":"Россия",
        "domainAbbreviation":"RU"
    },
    {
        "code":"86",
        "pinyin":"ZhongGuoDaLu",
        "isoCode":"CHN",
        "areaName":"Китай",
        "domainAbbreviation":"CN"
    }
]